0,0.000,-100, , , , , 
1,9375.000,-100, , , , , 
2,18750.000,-100, , , , , 
3,28125.000,-100, , , , , 
4,37500.000,-100, , , , , 
5,46875.000,-100, , , , , 
6,56250.000,-100, , , , , 
7,65625.000,-100, , , , , 
8,75000.000,-100, , , , , 
9,84375.000,-100, , , , , 
10,93750.000,-100, , , , , 
11,103125.000,-100, , , , , 
12,112500.000,-100, , , , , 
13,121875.000,-98.28745687757947, , , , , 
14,131250.000,-94.49201533595699, , , , , 
15,140625.000,-71.65982297658212, , , , , 
16,150000.000,-0.00019253209306927885, , , , , 
17,159375.000,-71.65982127836706, , , , , 
18,168750.000,-94.27126119472322, , , , , 
19,178125.000,-95.307729056183, , , , , 
20,187500.000,-89.52946126249697, , , , , 
21,196875.000,-0.4685548536563604, , , , , 
22,206250.000,-13.74763456177422, , , , , 
23,215625.000,-92.56238249827223, , , , , 
24,225000.000,-95.67999895723757, , , , , 
25,234375.000,-92.56220373181145, , , , , 
26,243750.000,-13.74763456177422, , , , , 
27,253125.000,-0.4685548536563604, , , , , 
28,262500.000,-89.52918213243683, , , , , 
29,271875.000,-95.30137441524121, , , , , 
30,281250.000,-94.26446937112377, , , , , 
31,290625.000,-71.65982088314351, , , , , 
32,300000.000,-0.00019253209306927885, , , , , 
33,309375.000,-71.65982088281864, , , , , 
34,318750.000,-94.2644456001159, , , , , 
35,328125.000,-95.30130729676478, , , , , 
36,337500.000,-89.52917444661084, , , , , 
37,346875.000,-0.4685548536563604, , , , , 
38,356250.000,-13.74763456177422, , , , , 
39,365625.000,-92.56208109134981, , , , , 
40,375000.000,-95.6791905784805, , , , , 
41,384375.000,-92.56208095580938, , , , , 
42,393750.000,-13.74763456177422, , , , , 
43,403125.000,-0.4685548536563604, , , , , 
44,412500.000,-89.52917423496858, , , , , 
45,421875.000,-95.30130248541377, , , , , 
46,431250.000,-94.2644408923404, , , , , 
47,440625.000,-71.65982088259575, , , , , 
48,450000.000,-0.00019253209306927885, , , , , 
49,459375.000,-71.65982088259551, , , , , 
50,468750.000,-94.26444087431564, , , , , 
51,478125.000,-95.30130243452058, , , , , 
52,487500.000,-89.52917422914064, , , , , 
53,496875.000,-0.4685548536563604, , , , , 
54,506250.000,-13.74763456177422, , , , , 
55,515625.000,-92.56208086281714, , , , , 
56,525000.000,-95.6791899656234, , , , , 
57,534375.000,-92.56208086271437, , , , , 
58,543750.000,-13.74763456177422, , , , , 
59,553125.000,-0.4685548536563604, , , , , 
60,562500.000,-89.52917422898017, , , , , 
61,571875.000,-95.30130243087228, , , , , 
62,581250.000,-94.26444087074586, , , , , 
63,590625.000,-71.65982088259534, , , , , 
64,600000.000,-0.00019253209306927885, , , , , 
65,609375.000,-71.65982088259534, , , , , 
66,618750.000,-94.2644408707322, , , , , 
67,628125.000,-95.30130243083369, , , , , 
68,637500.000,-89.52917422897573, , , , , 
69,646875.000,-0.4685548536563604, , , , , 
70,656250.000,-13.74763456177422, , , , , 
71,665625.000,-92.56208086264385, , , , , 
72,675000.000,-95.67918996515868, , , , , 
73,684375.000,-92.56208086264378, , , , , 
74,693750.000,-13.74763456177422, , , , , 
75,703125.000,-0.4685548536563604, , , , , 
76,712500.000,-89.52917422897562, , , , , 
77,721875.000,-95.30130243083093, , , , , 
78,731250.000,-94.2644408707295, , , , , 
79,740625.000,-71.65982088259534, , , , , 
80,750000.000,-0.00019253209306927885, , , , , 
81,759375.000,-71.65982088259534, , , , , 
82,768750.000,-94.26444087072949, , , , , 
83,778125.000,-95.3013024308309, , , , , 
84,787500.000,-89.52917422897562, , , , , 
85,796875.000,-0.4685548536563604, , , , , 
86,806250.000,-13.74763456177422, , , , , 
87,815625.000,-92.56208086264373, , , , , 
88,825000.000,-95.67918996515832, , , , , 
89,834375.000,-92.56208086264373, , , , , 
90,843750.000,-13.74763456177422, , , , , 
91,853125.000,-0.4685548536563604, , , , , 
92,862500.000,-89.52917422897562, , , , , 
93,871875.000,-95.3013024308309, , , , , 
94,881250.000,-94.26444087072949, , , , , 
95,890625.000,-71.65982088259534, , , , , 
96,900000.000,-0.00019253209306927885, , , , , 
97,909375.000,-71.65982088259534, , , , , 
98,918750.000,-94.26444087072949, , , , , 
99,928125.000,-95.3013024308309, , , , , 
100,937500.000,-89.52917422897562, , , , , 
101,946875.000,-0.4685548536563604, , , , , 
102,956250.000,-13.74763456177422, , , , , 
103,965625.000,-92.56208086264373, , , , , 
104,975000.000,-95.67918996515832, , , , , 
105,984375.000,-92.56208086264373, , , , , 
106,993750.000,-13.74763456177422, , , , , 
107,1003125.000,-0.4685548536563604, , , , , 
108,1012500.000,-89.52917422897562, , , , , 
109,1021875.000,-95.3013024308309, , , , , 
110,1031250.000,-94.26444087072949, , , , , 
111,1040625.000,-71.65982088259534, , , , , 
112,1050000.000,-0.00019253209306927885, , , , , 
113,1059375.000,-71.65982088259534, , , , , 
114,1068750.000,-94.26444087072949, , , , , 
115,1078125.000,-95.3013024308309, , , , , 
116,1087500.000,-89.52917422897562, , , , , 
117,1096875.000,-0.4685548536563604, , , , , 
118,1106250.000,-13.74763456177422, , , , , 
119,1115625.000,-92.56208086264373, , , , , 
120,1125000.000,-95.67918996515832, , , , , 
121,1134375.000,-92.56208086264373, , , , , 
122,1143750.000,-13.74763456177422, , , , , 
123,1153125.000,-0.4685548536563604, , , , , 
124,1162500.000,-89.52917422897562, , , , , 
125,1171875.000,-95.3013024308309, , , , , 
126,1181250.000,-94.26444087072949, , , , , 
127,1190625.000,-71.65982088259534, , , , , 
128,1200000.000,-0.00019253209306927885, , , , , 
129,1209375.000,-71.65982088259534, , , , , 
130,1218750.000,-94.26444087072949, , , , , 
131,1228125.000,-95.3013024308309, , , , , 
132,1237500.000,-89.52917422897562, , , , , 
133,1246875.000,-0.4685548536563604, , , , , 
134,1256250.000,-13.74763456177422, , , , , 
135,1265625.000,-92.56208086264373,0,135,136,137,1275000.00
136,1275000.000,-95.67918996515832, , , , , 
137,1284375.000,-92.56208086264373, , , , , 
138,1293750.000,-13.74763456177422, , , , , 
139,1303125.000,-0.4685548536563604, , , , , 
140,1312500.000,-89.52917422897562,1,140,141,142,1321875.00
141,1321875.000,-95.3013024308309, , , , , 
142,1331250.000,-94.26444087072949, , , , , 
143,1340625.000,-71.65982088259534, , , , , 
144,1350000.000,-0.00019253209306927885, , , , , 
145,1359375.000,-71.65982088259534, , , , , 
146,1368750.000,-94.26444087072949,2,146,147,148,1378125.00
147,1378125.000,-95.3013024308309, , , , , 
148,1387500.000,-89.52917422897562, , , , , 
149,1396875.000,-0.4685548536563604, , , , , 
150,1406250.000,-13.74763456177422, , , , , 
151,1415625.000,-92.56208086264373, , , , , 
152,1425000.000,-95.67918996515832,3,152,151,153,1425000.00
153,1434375.000,-92.56208086264373, , , , , 
154,1443750.000,-13.74763456177422, , , , , 
155,1453125.000,-0.4685548536563604, , , , , 
156,1462500.000,-89.52917422897562, , , , , 
157,1471875.000,-95.3013024308309, , , , , 
158,1481250.000,-94.26444087072949,4,158,157,156,1471875.00
159,1490625.000,-71.65982088259534, , , , , 
160,1500000.000,-0.00019253209306927885, , , , , 
161,1509375.000,-71.65982088259534, , , , , 
162,1518750.000,-94.26444087072949, , , , , 
163,1528125.000,-95.3013024308309, , , , , 
164,1537500.000,-89.52917422897562, , , , , 
165,1546875.000,-0.4685548536563604, , , , , 
166,1556250.000,-13.74763456177422, , , , , 
167,1565625.000,-92.56208086264373,5,167,168,169,1575000.00
168,1575000.000,-95.67918996515832, , , , , 
169,1584375.000,-92.56208086264373, , , , , 
170,1593750.000,-13.74763456177422, , , , , 
171,1603125.000,-0.4685548536563604, , , , , 
172,1612500.000,-89.52917422897562, , , , , 
173,1621875.000,-95.3013024308309,6,173,172,174,1621875.00
174,1631250.000,-94.26444087072949, , , , , 
175,1640625.000,-71.65982088259534, , , , , 
176,1650000.000,-0.00019253209306927885, , , , , 
177,1659375.000,-71.65982088259534, , , , , 
178,1668750.000,-94.26444087072949, , , , , 
179,1678125.000,-95.3013024308309, , , , , 
180,1687500.000,-89.52917422897562,7,180,179,178,1678125.00
181,1696875.000,-0.4685548536563604, , , , , 
182,1706250.000,-13.74763456177422, , , , , 
183,1715625.000,-92.56208086264373, , , , , 
184,1725000.000,-95.67918996515832, , , , , 
185,1734375.000,-92.56208086264373, , , , , 
186,1743750.000,-13.74763456177422, , , , , 
187,1753125.000,-0.4685548536563604, , , , , 
188,1762500.000,-89.52917422897562, , , , , 
189,1771875.000,-95.3013024308309,8,189,188,190,1771875.00
190,1781250.000,-94.26444087072949, , , , , 
191,1790625.000,-71.65982088259534, , , , , 
192,1800000.000,-0.00019253209306927885, , , , , 
193,1809375.000,-71.65982088259534, , , , , 
194,1818750.000,-94.26444087072949, , , , , 
195,1828125.000,-95.3013024308309, , , , , 
196,1837500.000,-89.52917422897562,9,196,195,194,1828125.00
197,1846875.000,-0.4685548536563604, , , , , 
198,1856250.000,-13.74763456177422, , , , , 
199,1865625.000,-92.56208086264373, , , , , 
200,1875000.000,-95.67918996515832, , , , , 
201,1884375.000,-92.56208086264373, , , , , 
202,1893750.000,-13.74763456177422, , , , , 
203,1903125.000,-0.4685548536563604, , , , , 
204,1912500.000,-89.52917422897562, , , , , 
205,1921875.000,-95.3013024308309, , , , , 
206,1931250.000,-94.26444087072949,10,206,205,204,1921875.00
207,1940625.000,-71.65982088259534, , , , , 
208,1950000.000,-0.00019253209306927885, , , , , 
209,1959375.000,-71.65982088259534, , , , , 
210,1968750.000,-94.26444087072949, , , , , 
211,1978125.000,-95.3013024308309, , , , , 
212,1987500.000,-89.52917422897562, , , , , 
213,1996875.000,-0.4685548536563604, , , , , 
214,2006250.000,-13.74763456177422, , , , , 
215,2015625.000,-92.56208086264373,11,215,216,217,2025000.00
216,2025000.000,-95.67918996515832, , , , , 
217,2034375.000,-92.56208086264373, , , , , 
218,2043750.000,-13.74763456177422, , , , , 
219,2053125.000,-0.4685548536563604, , , , , 
220,2062500.000,-89.52917422897562, , , , , 
221,2071875.000,-95.3013024308309, , , , , 
222,2081250.000,-94.26444087072949, , , , , 
223,2090625.000,-71.65982088259534, , , , , 
224,2100000.000,-0.00019253209306927885, , , , , 
225,2109375.000,-71.65982088259534, , , , , 
226,2118750.000,-94.26444087072949,12,226,227,228,2128125.00
227,2128125.000,-95.3013024308309, , , , , 
228,2137500.000,-89.52917422897562, , , , , 
229,2146875.000,-0.4685548536563604, , , , , 
230,2156250.000,-13.74763456177422, , , , , 
231,2165625.000,-92.56208086264373, , , , , 
232,2175000.000,-95.67918996515832, , , , , 
233,2184375.000,-92.56208086264373, , , , , 
234,2193750.000,-13.74763456177422, , , , , 
235,2203125.000,-0.4685548536563604, , , , , 
236,2212500.000,-89.52917422897562,13,236,237,238,2221875.00
237,2221875.000,-95.3013024308309, , , , , 
238,2231250.000,-94.26444087072949, , , , , 
239,2240625.000,-71.65982088259534, , , , , 
240,2250000.000,-0.00019253209306927885, , , , , 
241,2259375.000,-71.65982088259534, , , , , 
242,2268750.000,-94.26444087072949, , , , , 
243,2278125.000,-95.3013024308309, , , , , 
244,2287500.000,-89.52917422897562,14,244,243,242,2278125.00
245,2296875.000,-0.4685548536563604, , , , , 
246,2306250.000,-13.74763456177422, , , , , 
247,2315625.000,-92.56208086264373, , , , , 
248,2325000.000,-95.67918996515832, , , , , 
249,2334375.000,-92.56208086264373, , , , , 
250,2343750.000,-13.74763456177422, , , , , 
251,2353125.000,-0.4685548536563604, , , , , 
252,2362500.000,-89.52917422897562, , , , , 
253,2371875.000,-95.3013024308309, , , , , 
254,2381250.000,-94.26444087072949,15,254,253,252,2371875.00
255,2390625.000,-71.65982088259534, , , , , 
256,2400000.000,-0.00019253209306927885, , , , , 
257,2409375.000,-71.65982088259534, , , , , 
258,2418750.000,-94.26444087072949, , , , , 
259,2428125.000,-95.3013024308309, , , , , 
260,2437500.000,-89.52917422897562, , , , , 
261,2446875.000,-0.4685548536563604, , , , , 
262,2456250.000,-13.74763456177422, , , , , 
263,2465625.000,-92.56208086264373, , , , , 
264,2475000.000,-95.67918996515832, , , , , 
265,2484375.000,-92.56208086264373, , , , , 
266,2493750.000,-13.74763456177422, , , , , 
267,2503125.000,-0.4685548536563604, , , , , 
268,2512500.000,-89.52917422897562,16,268,269,270,2521875.00
269,2521875.000,-95.3013024308309, , , , , 
270,2531250.000,-94.26444087072949, , , , , 
271,2540625.000,-71.65982088259534, , , , , 
272,2550000.000,-0.00019253209306927885, , , , , 
273,2559375.000,-71.65982088259534, , , , , 
274,2568750.000,-94.26444087072949, , , , , 
275,2578125.000,-95.3013024308309, , , , , 
276,2587500.000,-89.52917422897562, , , , , 
277,2596875.000,-0.4685548536563604, , , , , 
278,2606250.000,-13.74763456177422, , , , , 
279,2615625.000,-92.56208086264373,17,279,280,281,2625000.00
280,2625000.000,-95.67918996515832, , , , , 
281,2634375.000,-92.56208086264373, , , , , 
282,2643750.000,-13.74763456177422, , , , , 
283,2653125.000,-0.4685548536563604, , , , , 
284,2662500.000,-89.52917422897562, , , , , 
285,2671875.000,-95.3013024308309, , , , , 
286,2681250.000,-94.26444087072949, , , , , 
287,2690625.000,-71.65982088259534, , , , , 
288,2700000.000,-0.00019253209306927885, , , , , 
289,2709375.000,-71.65982088259534, , , , , 
290,2718750.000,-94.26444087072949, , , , , 
291,2728125.000,-95.3013024308309, , , , , 
292,2737500.000,-89.52917422897562,18,292,291,290,2728125.00
293,2746875.000,-0.4685548536563604, , , , , 
294,2756250.000,-13.74763456177422, , , , , 
295,2765625.000,-92.56208086264373, , , , , 
296,2775000.000,-95.67918996515832, , , , , 
297,2784375.000,-92.56208086264373, , , , , 
298,2793750.000,-13.74763456177422, , , , , 
299,2803125.000,-0.4685548536563604, , , , , 
300,2812500.000,-89.52917422897562, , , , , 
301,2821875.000,-95.3013024308309, , , , , 
302,2831250.000,-94.26444087072949, , , , , 
303,2840625.000,-71.65982088259534, , , , , 
304,2850000.000,-0.00019253209306927885, , , , , 
305,2859375.000,-71.65982088259534, , , , , 
306,2868750.000,-94.26444087072949,19,306,307,308,2878125.00
307,2878125.000,-95.3013024308309, , , , , 
308,2887500.000,-89.52917422897562, , , , , 
309,2896875.000,-0.4685548536563604, , , , , 
310,2906250.000,-13.74763456177422, , , , , 
311,2915625.000,-92.56208086264373, , , , , 
312,2925000.000,-95.67918996515832, , , , , 
313,2934375.000,-92.56208086264373, , , , , 
314,2943750.000,-13.74763456177422, , , , , 
315,2953125.000,-0.4685548536563604, , , , , 
316,2962500.000,-89.52917422897562, , , , , 
317,2971875.000,-95.3013024308309, , , , , 
318,2981250.000,-94.26444087072949,20,318,317,316,2971875.00
319,2990625.000,-71.65982088259534, , , , , 
320,3000000.000,-0.00019253209306927885, , , , , 
321,3009375.000,-71.65982088259534, , , , , 
322,3018750.000,-94.26444087072949, , , , , 
323,3028125.000,-95.3013024308309, , , , , 
324,3037500.000,-89.52917422897562, , , , , 
325,3046875.000,-0.4685548536563604, , , , , 
326,3056250.000,-13.74763456177422, , , , , 
327,3065625.000,-92.56208086264373, , , , , 
328,3075000.000,-95.67918996515832, , , , , 
329,3084375.000,-92.56208086264373, , , , , 
330,3093750.000,-13.74763456177422, , , , , 
331,3103125.000,-0.4685548536563604, , , , , 
332,3112500.000,-89.52917422897562,21,332,333,334,3121875.00
333,3121875.000,-95.3013024308309, , , , , 
334,3131250.000,-94.26444087072949, , , , , 
335,3140625.000,-71.65982088259534, , , , , 
336,3150000.000,-0.00019253209306927885, , , , , 
337,3159375.000,-71.65982088259534, , , , , 
338,3168750.000,-94.26444087072949, , , , , 
339,3178125.000,-95.3013024308309, , , , , 
340,3187500.000,-89.52917422897562, , , , , 
341,3196875.000,-0.4685548536563604, , , , , 
342,3206250.000,-13.74763456177422, , , , , 
343,3215625.000,-92.56208086264373, , , , , 
344,3225000.000,-95.67918996515832, , , , , 
345,3234375.000,-92.56208086264373, , , , , 
346,3243750.000,-13.74763456177422, , , , , 
347,3253125.000,-0.4685548536563604, , , , , 
348,3262500.000,-89.52917422897562,22,348,349,350,3271875.00
349,3271875.000,-95.3013024308309, , , , , 
350,3281250.000,-94.26444087072949, , , , , 
351,3290625.000,-71.65982088259534, , , , , 
352,3300000.000,-0.00019253209306927885, , , , , 
353,3309375.000,-71.65982088259534, , , , , 
354,3318750.000,-94.26444087072949, , , , , 
355,3328125.000,-95.3013024308309, , , , , 
356,3337500.000,-89.52917422897562, , , , , 
357,3346875.000,-0.4685548536563604, , , , , 
358,3356250.000,-13.74763456177422, , , , , 
359,3365625.000,-92.56208086264373, , , , , 
360,3375000.000,-95.67918996515832, , , , , 
361,3384375.000,-92.56208086264373,23,361,360,359,3375000.00
362,3393750.000,-13.74763456177422, , , , , 
363,3403125.000,-0.4685548536563604, , , , , 
364,3412500.000,-89.52917422897562, , , , , 
365,3421875.000,-95.3013024308309, , , , , 
366,3431250.000,-94.26444087072949, , , , , 
367,3440625.000,-71.65982088259534, , , , , 
368,3450000.000,-0.00019253209306927885, , , , , 
369,3459375.000,-71.65982088259534, , , , , 
370,3468750.000,-94.26444087072949, , , , , 
371,3478125.000,-95.3013024308309, , , , , 
372,3487500.000,-89.52917422897562, , , , , 
373,3496875.000,-0.4685548536563604, , , , , 
374,3506250.000,-13.74763456177422, , , , , 
375,3515625.000,-92.56208086264373, , , , , 
376,3525000.000,-95.67918996515832, , , , , 
377,3534375.000,-92.56208086264373,24,377,376,375,3525000.00
378,3543750.000,-13.74763456177422, , , , , 
379,3553125.000,-0.4685548536563604, , , , , 
380,3562500.000,-89.52917422897562, , , , , 
381,3571875.000,-95.3013024308309, , , , , 
382,3581250.000,-94.26444087072949, , , , , 
383,3590625.000,-71.65982088259534, , , , , 
384,3600000.000,-0.00019253209306927885, , , , , 
385,3609375.000,-71.65982088259534, , , , , 
386,3618750.000,-94.26444087072949, , , , , 
387,3628125.000,-95.3013024308309, , , , , 
388,3637500.000,-89.52917422897562, , , , , 
389,3646875.000,-0.4685548536563604, , , , , 
390,3656250.000,-13.74763456177422, , , , , 
391,3665625.000,-92.56208086264373, , , , , 
392,3675000.000,-95.67918996515832, , , , , 
393,3684375.000,-92.56208086264373, , , , , 
394,3693750.000,-13.74763456177422, , , , , 
395,3703125.000,-0.4685548536563604, , , , , 
396,3712500.000,-89.52917422897562,25,396,397,398,3721875.00
397,3721875.000,-95.3013024308309, , , , , 
398,3731250.000,-94.26444087072949, , , , , 
399,3740625.000,-71.65982088259534, , , , , 
400,3750000.000,-0.00019253209306927885, , , , , 
401,3759375.000,-71.65982088259534, , , , , 
402,3768750.000,-94.26444087072949, , , , , 
403,3778125.000,-95.3013024308309, , , , , 
404,3787500.000,-89.52917422897562, , , , , 
405,3796875.000,-0.4685548536563604, , , , , 
406,3806250.000,-13.74763456177422, , , , , 
407,3815625.000,-92.56208086264373, , , , , 
408,3825000.000,-95.67918996515832, , , , , 
409,3834375.000,-92.56208086264373, , , , , 
410,3843750.000,-13.74763456177422, , , , , 
411,3853125.000,-0.4685548536563604, , , , , 
412,3862500.000,-89.52917422897562,26,412,413,414,3871875.00
413,3871875.000,-95.3013024308309, , , , , 
414,3881250.000,-94.26444087072949, , , , , 
415,3890625.000,-71.65982088259534, , , , , 
416,3900000.000,-0.00019253209306927885, , , , , 
417,3909375.000,-71.65982088259534, , , , , 
418,3918750.000,-94.26444087072949, , , , , 
419,3928125.000,-95.3013024308309, , , , , 
420,3937500.000,-89.52917422897562, , , , , 
421,3946875.000,-0.4685548536563604, , , , , 
422,3956250.000,-13.74763456177422, , , , , 
423,3965625.000,-92.56208086264373, , , , , 
424,3975000.000,-95.67918996515832, , , , , 
425,3984375.000,-92.56208086264373, , , , , 
426,3993750.000,-13.74763456177422, , , , , 
427,4003125.000,-0.4685548536563604, , , , , 
428,4012500.000,-89.52917422897562, , , , , 
429,4021875.000,-95.3013024308309, , , , , 
430,4031250.000,-94.26444087072949,27,430,429,428,4021875.00
431,4040625.000,-71.65982088259534, , , , , 
432,4050000.000,-0.00019253209306927885, , , , , 
433,4059375.000,-71.65982088259534, , , , , 
434,4068750.000,-94.26444087072949, , , , , 
435,4078125.000,-95.3013024308309, , , , , 
436,4087500.000,-89.52917422897562, , , , , 
437,4096875.000,-0.4685548536563604, , , , , 
438,4106250.000,-13.74763456177422, , , , , 
439,4115625.000,-92.56208086264373, , , , , 
440,4125000.000,-95.67918996515832, , , , , 
441,4134375.000,-92.56208086264373, , , , , 
442,4143750.000,-13.74763456177422, , , , , 
443,4153125.000,-0.4685548536563604, , , , , 
444,4162500.000,-89.52917422897562, , , , , 
445,4171875.000,-95.3013024308309, , , , , 
446,4181250.000,-94.26444087072949, , , , , 
447,4190625.000,-71.65982088259534, , , , , 
448,4200000.000,-0.00019253209306927885, , , , , 
449,4209375.000,-71.65982088259534, , , , , 
450,4218750.000,-94.26444087072949,28,450,451,452,4228125.00
451,4228125.000,-95.3013024308309, , , , , 
452,4237500.000,-89.52917422897562, , , , , 
453,4246875.000,-0.4685548536563604, , , , , 
454,4256250.000,-13.74763456177422, , , , , 
455,4265625.000,-92.56208086264373, , , , , 
456,4275000.000,-95.67918996515832, , , , , 
457,4284375.000,-92.56208086264373, , , , , 
458,4293750.000,-13.74763456177422, , , , , 
459,4303125.000,-0.4685548536563604, , , , , 
460,4312500.000,-89.52917422897562, , , , , 
461,4321875.000,-95.3013024308309, , , , , 
462,4331250.000,-94.26444087072949, , , , , 
463,4340625.000,-71.65982088259534, , , , , 
464,4350000.000,-0.00019253209306927885, , , , , 
465,4359375.000,-71.65982088259534, , , , , 
466,4368750.000,-94.26444087072949, , , , , 
467,4378125.000,-95.3013024308309, , , , , 
468,4387500.000,-89.52917422897562, , , , , 
469,4396875.000,-0.4685548536563604, , , , , 
470,4406250.000,-13.74763456177422, , , , , 
471,4415625.000,-92.56208086264373,29,471,472,473,4425000.00
472,4425000.000,-95.67918996515832, , , , , 
473,4434375.000,-92.56208086264373, , , , , 
474,4443750.000,-13.74763456177422, , , , , 
475,4453125.000,-0.4685548536563604, , , , , 
476,4462500.000,-89.52917422897562, , , , , 
477,4471875.000,-95.3013024308309, , , , , 
478,4481250.000,-94.26444087072949, , , , , 
479,4490625.000,-71.65982088259534, , , , , 
480,4500000.000,-0.00019253209306927885, , , , , 
481,4509375.000,-71.65982088259534, , , , , 
482,4518750.000,-94.26444087072949, , , , , 
483,4528125.000,-95.3013024308309, , , , , 
484,4537500.000,-89.52917422897562, , , , , 
485,4546875.000,-0.4685548536563604, , , , , 
486,4556250.000,-13.74763456177422, , , , , 
487,4565625.000,-92.56208086264373, , , , , 
488,4575000.000,-95.67918996515832, , , , , 
489,4584375.000,-92.56208086264373,30,489,488,487,4575000.00
490,4593750.000,-13.74763456177422, , , , , 
491,4603125.000,-0.4685548536563604, , , , , 
492,4612500.000,-89.52917422897562, , , , , 
493,4621875.000,-95.3013024308309, , , , , 
494,4631250.000,-94.26444087072949, , , , , 
495,4640625.000,-71.65982088259534, , , , , 
496,4650000.000,-0.00019253209306927885, , , , , 
497,4659375.000,-71.65982088259534, , , , , 
498,4668750.000,-94.26444087072949, , , , , 
499,4678125.000,-95.3013024308309, , , , , 
500,4687500.000,-89.52917422897562, , , , , 
501,4696875.000,-0.4685548536563604, , , , , 
502,4706250.000,-13.74763456177422, , , , , 
503,4715625.000,-92.56208086264373, , , , , 
504,4725000.000,-95.67918996515832, , , , , 
505,4734375.000,-92.56208086264373, , , , , 
506,4743750.000,-13.74763456177422, , , , , 
507,4753125.000,-0.4685548536563604, , , , , 
508,4762500.000,-89.52917422897562, , , , , 
509,4771875.000,-95.3013024308309, , , , , 
510,4781250.000,-94.26444087072949,31,510,509,508,4771875.00
511,4790625.000,-71.65982088259534, , , , , 
512,4800000.000,-0.00019253209306927885, , , , , 
513,4809375.000,-71.65982088259534, , , , , 
514,4818750.000,-94.26444087072949, , , , , 
515,4828125.000,-95.3013024308309, , , , , 
516,4837500.000,-89.52917422897562, , , , , 
517,4846875.000,-0.4685548536563604, , , , , 
518,4856250.000,-13.74763456177422, , , , , 
519,4865625.000,-92.56208086264373, , , , , 
520,4875000.000,-95.67918996515832, , , , , 
521,4884375.000,-92.56208086264373, , , , , 
522,4893750.000,-13.74763456177422, , , , , 
523,4903125.000,-0.4685548536563604, , , , , 
524,4912500.000,-89.52917422897562, , , , , 
525,4921875.000,-95.3013024308309, , , , , 
526,4931250.000,-94.26444087072949, , , , , 
527,4940625.000,-71.65982088259534, , , , , 
528,4950000.000,-0.00019253209306927885, , , , , 
529,4959375.000,-71.65982088259534, , , , , 
530,4968750.000,-94.26444087072949, , , , , 
531,4978125.000,-95.3013024308309, , , , , 
532,4987500.000,-89.52917422897562, , , , , 
533,4996875.000,-0.4685548536563604, , , , , 
534,5006250.000,-13.74763456177422, , , , , 
535,5015625.000,-92.56208086264373,32,535,536,537,5025000.00
536,5025000.000,-95.67918996515832, , , , , 
537,5034375.000,-92.56208086264373, , , , , 
538,5043750.000,-13.74763456177422, , , , , 
539,5053125.000,-0.4685548536563604, , , , , 
540,5062500.000,-89.52917422897562, , , , , 
541,5071875.000,-95.3013024308309, , , , , 
542,5081250.000,-94.26444087072949, , , , , 
543,5090625.000,-71.65982088259534, , , , , 
544,5100000.000,-0.00019253209306927885, , , , , 
545,5109375.000,-71.65982088259534, , , , , 
546,5118750.000,-94.26444087072949, , , , , 
547,5128125.000,-95.3013024308309, , , , , 
548,5137500.000,-89.52917422897562, , , , , 
549,5146875.000,-0.4685548536563604, , , , , 
550,5156250.000,-13.74763456177422, , , , , 
551,5165625.000,-92.56208086264373, , , , , 
552,5175000.000,-95.67918996515832, , , , , 
553,5184375.000,-92.56208086264373, , , , , 
554,5193750.000,-13.74763456177422, , , , , 
555,5203125.000,-0.4685548536563604, , , , , 
556,5212500.000,-89.52917422897562, , , , , 
557,5221875.000,-95.3013024308309, , , , , 
558,5231250.000,-94.26444087072949,33,558,557,556,5221875.00
559,5240625.000,-71.65982088259534, , , , , 
560,5250000.000,-0.00019253209306927885, , , , , 
561,5259375.000,-71.65982088259534, , , , , 
562,5268750.000,-94.26444087072949, , , , , 
563,5278125.000,-95.3013024308309, , , , , 
564,5287500.000,-89.52917422897562, , , , , 
565,5296875.000,-0.4685548536563604, , , , , 
566,5306250.000,-13.74763456177422, , , , , 
567,5315625.000,-92.56208086264373, , , , , 
568,5325000.000,-95.67918996515832, , , , , 
569,5334375.000,-92.56208086264373, , , , , 
570,5343750.000,-13.74763456177422, , , , , 
571,5353125.000,-0.4685548536563604, , , , , 
572,5362500.000,-89.52917422897562, , , , , 
573,5371875.000,-95.3013024308309, , , , , 
574,5381250.000,-94.26444087072949, , , , , 
575,5390625.000,-71.65982088259534, , , , , 
576,5400000.000,-0.00019253209306927885, , , , , 
577,5409375.000,-71.65982088259534, , , , , 
578,5418750.000,-94.26444087072949, , , , , 
579,5428125.000,-95.3013024308309, , , , , 
580,5437500.000,-89.52917422897562, , , , , 
581,5446875.000,-0.4685548536563604, , , , , 
582,5456250.000,-13.74763456177422, , , , , 
583,5465625.000,-92.56208086264373,34,583,584,585,5475000.00
584,5475000.000,-95.67918996515832, , , , , 
585,5484375.000,-92.56208086264373, , , , , 
586,5493750.000,-13.74763456177422, , , , , 
587,5503125.000,-0.4685548536563604, , , , , 
588,5512500.000,-89.52917422897562, , , , , 
589,5521875.000,-95.3013024308309, , , , , 
590,5531250.000,-94.26444087072949, , , , , 
591,5540625.000,-71.65982088259534, , , , , 
592,5550000.000,-0.00019253209306927885, , , , , 
593,5559375.000,-71.65982088259534, , , , , 
594,5568750.000,-94.26444087072949, , , , , 
595,5578125.000,-95.3013024308309, , , , , 
596,5587500.000,-89.52917422897562, , , , , 
597,5596875.000,-0.4685548536563604, , , , , 
598,5606250.000,-13.74763456177422, , , , , 
599,5615625.000,-92.56208086264373, , , , , 
600,5625000.000,-95.67918996515832, , , , , 
601,5634375.000,-92.56208086264373, , , , , 
602,5643750.000,-13.74763456177422, , , , , 
603,5653125.000,-0.4685548536563604, , , , , 
604,5662500.000,-89.52917422897562, , , , , 
605,5671875.000,-95.3013024308309, , , , , 
606,5681250.000,-94.26444087072949, , , , , 
607,5690625.000,-71.65982088259534, , , , , 
608,5700000.000,-0.00019253209306927885, , , , , 
609,5709375.000,-71.65982088259534, , , , , 
610,5718750.000,-94.26444087072949,35,610,611,612,5728125.00
611,5728125.000,-95.3013024308309, , , , , 
612,5737500.000,-89.52917422897562, , , , , 
613,5746875.000,-0.4685548536563604, , , , , 
614,5756250.000,-13.74763456177422, , , , , 
615,5765625.000,-92.56208086264373, , , , , 
616,5775000.000,-95.67918996515832, , , , , 
617,5784375.000,-92.56208086264373, , , , , 
618,5793750.000,-13.74763456177422, , , , , 
619,5803125.000,-0.4685548536563604, , , , , 
620,5812500.000,-89.52917422897562, , , , , 
621,5821875.000,-95.3013024308309, , , , , 
622,5831250.000,-94.26444087072949, , , , , 
623,5840625.000,-71.65982088259534, , , , , 
624,5850000.000,-0.00019253209306927885, , , , , 
625,5859375.000,-71.65982088259534, , , , , 
626,5868750.000,-94.26444087072949, , , , , 
627,5878125.000,-95.3013024308309, , , , , 
628,5887500.000,-89.52917422897562, , , , , 
629,5896875.000,-0.4685548536563604, , , , , 
630,5906250.000,-13.74763456177422, , , , , 
631,5915625.000,-92.56208086264373, , , , , 
632,5925000.000,-95.67918996515832, , , , , 
633,5934375.000,-92.56208086264373, , , , , 
634,5943750.000,-13.74763456177422, , , , , 
635,5953125.000,-0.4685548536563604, , , , , 
636,5962500.000,-89.52917422897562,36,636,637,638,5971875.00
637,5971875.000,-95.3013024308309, , , , , 
638,5981250.000,-94.26444087072949, , , , , 
639,5990625.000,-71.65982088259534, , , , , 
640,6000000.000,-0.00019253209306927885, , , , , 
641,6009375.000,-71.65982088259534, , , , , 
642,6018750.000,-94.26444087072949, , , , , 
643,6028125.000,-95.3013024308309, , , , , 
644,6037500.000,-89.52917422897562, , , , , 
645,6046875.000,-0.4685548536563604, , , , , 
646,6056250.000,-13.74763456177422, , , , , 
647,6065625.000,-92.56208086264373, , , , , 
648,6075000.000,-95.67918996515832, , , , , 
649,6084375.000,-92.56208086264373, , , , , 
650,6093750.000,-13.74763456177422, , , , , 
651,6103125.000,-0.4685548536563604, , , , , 
652,6112500.000,-89.52917422897562, , , , , 
653,6121875.000,-95.3013024308309, , , , , 
654,6131250.000,-94.26444087072949, , , , , 
655,6140625.000,-71.65982088259534, , , , , 
656,6150000.000,-0.00019253209306927885, , , , , 
657,6159375.000,-71.65982088259534, , , , , 
658,6168750.000,-94.26444087072949, , , , , 
659,6178125.000,-95.3013024308309, , , , , 
660,6187500.000,-89.52917422897562, , , , , 
661,6196875.000,-0.4685548536563604, , , , , 
662,6206250.000,-13.74763456177422, , , , , 
663,6215625.000,-92.56208086264373, , , , , 
664,6225000.000,-95.67918996515832,37,664,663,665,6225000.00
665,6234375.000,-92.56208086264373, , , , , 
666,6243750.000,-13.74763456177422, , , , , 
667,6253125.000,-0.4685548536563604, , , , , 
668,6262500.000,-89.52917422897562, , , , , 
669,6271875.000,-95.3013024308309, , , , , 
670,6281250.000,-94.26444087072949, , , , , 
671,6290625.000,-71.65982088259534, , , , , 
672,6300000.000,-0.00019253209306927885, , , , , 
673,6309375.000,-71.65982088259534, , , , , 
674,6318750.000,-94.26444087072949, , , , , 
675,6328125.000,-95.3013024308309, , , , , 
676,6337500.000,-89.52917422897562, , , , , 
677,6346875.000,-0.4685548536563604, , , , , 
678,6356250.000,-13.74763456177422, , , , , 
679,6365625.000,-92.56208086264373, , , , , 
680,6375000.000,-95.67918996515832, , , , , 
681,6384375.000,-92.56208086264373, , , , , 
682,6393750.000,-13.74763456177422, , , , , 
683,6403125.000,-0.4685548536563604, , , , , 
684,6412500.000,-89.52917422897562, , , , , 
685,6421875.000,-95.3013024308309, , , , , 
686,6431250.000,-94.26444087072949, , , , , 
687,6440625.000,-71.65982088259534, , , , , 
688,6450000.000,-0.00019253209306927885, , , , , 
689,6459375.000,-71.65982088259534, , , , , 
690,6468750.000,-94.26444087072949, , , , , 
691,6478125.000,-95.3013024308309, , , , , 
692,6487500.000,-89.52917422897562,38,692,691,690,6478125.00
693,6496875.000,-0.4685548536563604, , , , , 
694,6506250.000,-13.74763456177422, , , , , 
695,6515625.000,-92.56208086264373, , , , , 
696,6525000.000,-95.67918996515832, , , , , 
697,6534375.000,-92.56208086264373, , , , , 
698,6543750.000,-13.74763456177422, , , , , 
699,6553125.000,-0.4685548536563604, , , , , 
700,6562500.000,-89.52917422897562, , , , , 
701,6571875.000,-95.3013024308309, , , , , 
702,6581250.000,-94.26444087072949, , , , , 
703,6590625.000,-71.65982088259534, , , , , 
704,6600000.000,-0.00019253209306927885, , , , , 
705,6609375.000,-71.65982088259534, , , , , 
706,6618750.000,-94.26444087072949, , , , , 
707,6628125.000,-95.3013024308309, , , , , 
708,6637500.000,-89.52917422897562, , , , , 
709,6646875.000,-0.4685548536563604, , , , , 
710,6656250.000,-13.74763456177422, , , , , 
711,6665625.000,-92.56208086264373, , , , , 
712,6675000.000,-95.67918996515832, , , , , 
713,6684375.000,-92.56208086264373, , , , , 
714,6693750.000,-13.74763456177422, , , , , 
715,6703125.000,-0.4685548536563604, , , , , 
716,6712500.000,-89.52917422897562, , , , , 
717,6721875.000,-95.3013024308309, , , , , 
718,6731250.000,-94.26444087072949, , , , , 
719,6740625.000,-71.65982088259534, , , , , 
720,6750000.000,-0.00019253209306927885, , , , , 
721,6759375.000,-71.65982088259534, , , , , 
722,6768750.000,-94.26444087072949, , , , , 
723,6778125.000,-95.3013024308309, , , , , 
724,6787500.000,-89.52917422897562,39,724,723,722,6778125.00
725,6796875.000,-0.4685548536563604, , , , , 
726,6806250.000,-13.74763456177422, , , , , 
727,6815625.000,-92.56208086264373, , , , , 
728,6825000.000,-95.67918996515832, , , , , 
729,6834375.000,-92.56208086264373, , , , , 
730,6843750.000,-13.74763456177422, , , , , 
731,6853125.000,-0.4685548536563604, , , , , 
732,6862500.000,-89.52917422897562, , , , , 
733,6871875.000,-95.3013024308309, , , , , 
734,6881250.000,-94.26444087072949, , , , , 
735,6890625.000,-71.65982088259534, , , , , 
736,6900000.000,-0.00019253209306927885, , , , , 
737,6909375.000,-71.65982088259534, , , , , 
738,6918750.000,-94.26444087072949, , , , , 
739,6928125.000,-95.3013024308309, , , , , 
740,6937500.000,-89.52917422897562, , , , , 
741,6946875.000,-0.4685548536563604, , , , , 
742,6956250.000,-13.74763456177422, , , , , 
743,6965625.000,-92.56208086264373, , , , , 
744,6975000.000,-95.67918996515832, , , , , 
745,6984375.000,-92.56208086264373, , , , , 
746,6993750.000,-13.74763456177422, , , , , 
747,7003125.000,-0.4685548536563604, , , , , 
748,7012500.000,-89.52917422897562, , , , , 
749,7021875.000,-95.3013024308309, , , , , 
750,7031250.000,-94.26444087072949, , , , , 
751,7040625.000,-71.65982088259534, , , , , 
752,7050000.000,-0.00019253209306927885, , , , , 
753,7059375.000,-71.65982088259534, , , , , 
754,7068750.000,-94.26444087072949, , , , , 
755,7078125.000,-95.3013024308309, , , , , 
756,7087500.000,-89.52917422897562,40,756,755,754,7078125.00
757,7096875.000,-0.4685548536563604, , , , , 
758,7106250.000,-13.74763456177422, , , , , 
759,7115625.000,-92.56208086264373, , , , , 
760,7125000.000,-95.67918996515832, , , , , 
761,7134375.000,-92.56208086264373, , , , , 
762,7143750.000,-13.74763456177422, , , , , 
763,7153125.000,-0.4685548536563604, , , , , 
764,7162500.000,-89.52917422897562, , , , , 
765,7171875.000,-95.3013024308309, , , , , 
766,7181250.000,-94.26444087072949, , , , , 
767,7190625.000,-71.65982088259534, , , , , 
768,7200000.000,-0.00019253209306927885, , , , , 
769,7209375.000,-71.65982088259534, , , , , 
770,7218750.000,-94.26444087072949, , , , , 
771,7228125.000,-95.3013024308309, , , , , 
772,7237500.000,-89.52917422897562, , , , , 
773,7246875.000,-0.4685548536563604, , , , , 
774,7256250.000,-13.74763456177422, , , , , 
775,7265625.000,-92.56208086264373, , , , , 
776,7275000.000,-95.67918996515832, , , , , 
777,7284375.000,-92.56208086264373, , , , , 
778,7293750.000,-13.74763456177422, , , , , 
779,7303125.000,-0.4685548536563604, , , , , 
780,7312500.000,-89.52917422897562, , , , , 
781,7321875.000,-95.3013024308309, , , , , 
782,7331250.000,-94.26444087072949, , , , , 
783,7340625.000,-71.65982088259534, , , , , 
784,7350000.000,-0.00019253209306927885, , , , , 
785,7359375.000,-71.65982088259534, , , , , 
786,7368750.000,-94.26444087072949, , , , , 
787,7378125.000,-95.3013024308309, , , , , 
788,7387500.000,-89.52917422897562, , , , , 
789,7396875.000,-0.4685548536563604, , , , , 
790,7406250.000,-13.74763456177422, , , , , 
791,7415625.000,-92.56208086264373,41,791,792,793,7425000.00
792,7425000.000,-95.67918996515832, , , , , 
793,7434375.000,-92.56208086264373, , , , , 
794,7443750.000,-13.74763456177422, , , , , 
795,7453125.000,-0.4685548536563604, , , , , 
796,7462500.000,-89.52917422897562, , , , , 
797,7471875.000,-95.3013024308309, , , , , 
798,7481250.000,-94.26444087072949, , , , , 
799,7490625.000,-71.65982088259534, , , , , 
800,7500000.000,-0.00019253209306927885, , , , , 
801,7509375.000,-71.65982088259534, , , , , 
802,7518750.000,-94.26444087072949, , , , , 
803,7528125.000,-95.3013024308309, , , , , 
804,7537500.000,-89.52917422897562, , , , , 
805,7546875.000,-0.4685548536563604, , , , , 
806,7556250.000,-13.74763456177422, , , , , 
807,7565625.000,-92.56208086264373, , , , , 
808,7575000.000,-95.67918996515832, , , , , 
809,7584375.000,-92.56208086264373, , , , , 
810,7593750.000,-13.74763456177422, , , , , 
811,7603125.000,-0.4685548536563604, , , , , 
812,7612500.000,-89.52917422897562, , , , , 
813,7621875.000,-95.3013024308309, , , , , 
814,7631250.000,-94.26444087072949, , , , , 
815,7640625.000,-71.65982088259534, , , , , 
816,7650000.000,-0.00019253209306927885, , , , , 
817,7659375.000,-71.65982088259534, , , , , 
818,7668750.000,-94.26444087072949, , , , , 
819,7678125.000,-95.3013024308309, , , , , 
820,7687500.000,-89.52917422897562, , , , , 
821,7696875.000,-0.4685548536563604, , , , , 
822,7706250.000,-13.74763456177422, , , , , 
823,7715625.000,-92.56208086264373, , , , , 
824,7725000.000,-95.67918996515832, , , , , 
825,7734375.000,-92.56208086264373,42,825,824,823,7725000.00
826,7743750.000,-13.74763456177422, , , , , 
827,7753125.000,-0.4685548536563604, , , , , 
828,7762500.000,-89.52917422897562, , , , , 
829,7771875.000,-95.3013024308309, , , , , 
830,7781250.000,-94.26444087072949, , , , , 
831,7790625.000,-71.65982088259534, , , , , 
832,7800000.000,-0.00019253209306927885, , , , , 
833,7809375.000,-71.65982088259534, , , , , 
834,7818750.000,-94.26444087072949, , , , , 
835,7828125.000,-95.3013024308309, , , , , 
836,7837500.000,-89.52917422897562, , , , , 
837,7846875.000,-0.4685548536563604, , , , , 
838,7856250.000,-13.74763456177422, , , , , 
839,7865625.000,-92.56208086264373, , , , , 
840,7875000.000,-95.67918996515832, , , , , 
841,7884375.000,-92.56208086264373, , , , , 
842,7893750.000,-13.74763456177422, , , , , 
843,7903125.000,-0.4685548536563604, , , , , 
844,7912500.000,-89.52917422897562, , , , , 
845,7921875.000,-95.3013024308309, , , , , 
846,7931250.000,-94.26444087072949, , , , , 
847,7940625.000,-71.65982088259534, , , , , 
848,7950000.000,-0.00019253209306927885, , , , , 
849,7959375.000,-71.65982088259534, , , , , 
850,7968750.000,-94.26444087072949, , , , , 
851,7978125.000,-95.3013024308309, , , , , 
852,7987500.000,-89.52917422897562, , , , , 
853,7996875.000,-0.4685548536563604, , , , , 
854,8006250.000,-13.74763456177422, , , , , 
855,8015625.000,-92.56208086264373, , , , , 
856,8025000.000,-95.67918996515832, , , , , 
857,8034375.000,-92.56208086264373, , , , , 
858,8043750.000,-13.74763456177422, , , , , 
859,8053125.000,-0.4685548536563604, , , , , 
860,8062500.000,-89.52917422897562, , , , , 
861,8071875.000,-95.3013024308309,43,861,860,862,8071875.00
862,8081250.000,-94.26444087072949, , , , , 
863,8090625.000,-71.65982088259534, , , , , 
864,8100000.000,-0.00019253209306927885, , , , , 
865,8109375.000,-71.65982088259534, , , , , 
866,8118750.000,-94.26444087072949, , , , , 
867,8128125.000,-95.3013024308309, , , , , 
868,8137500.000,-89.52917422897562, , , , , 
869,8146875.000,-0.4685548536563604, , , , , 
870,8156250.000,-13.74763456177422, , , , , 
871,8165625.000,-92.56208086264373, , , , , 
872,8175000.000,-95.67918996515832, , , , , 
873,8184375.000,-92.56208086264373, , , , , 
874,8193750.000,-13.74763456177422, , , , , 
875,8203125.000,-0.4685548536563604, , , , , 
876,8212500.000,-89.52917422897562, , , , , 
877,8221875.000,-95.3013024308309, , , , , 
878,8231250.000,-94.26444087072949, , , , , 
879,8240625.000,-71.65982088259534, , , , , 
880,8250000.000,-0.00019253209306927885, , , , , 
881,8259375.000,-71.65982088259534, , , , , 
882,8268750.000,-94.26444087072949, , , , , 
883,8278125.000,-95.3013024308309, , , , , 
884,8287500.000,-89.52917422897562, , , , , 
885,8296875.000,-0.4685548536563604, , , , , 
886,8306250.000,-13.74763456177422, , , , , 
887,8315625.000,-92.56208086264373, , , , , 
888,8325000.000,-95.67918996515832, , , , , 
889,8334375.000,-92.56208086264373, , , , , 
890,8343750.000,-13.74763456177422, , , , , 
891,8353125.000,-0.4685548536563604, , , , , 
892,8362500.000,-89.52917422897562, , , , , 
893,8371875.000,-95.3013024308309, , , , , 
894,8381250.000,-94.26444087072949, , , , , 
895,8390625.000,-71.65982088259534, , , , , 
896,8400000.000,-0.00019253209306927885, , , , , 
897,8409375.000,-71.65982088259534, , , , , 
898,8418750.000,-94.26444087072949, , , , , 
899,8428125.000,-95.3013024308309,44,899,898,900,8428125.00
900,8437500.000,-89.52917422897562, , , , , 
901,8446875.000,-0.4685548536563604, , , , , 
902,8456250.000,-13.74763456177422, , , , , 
903,8465625.000,-92.56208086264373, , , , , 
904,8475000.000,-95.67918996515832, , , , , 
905,8484375.000,-92.56208086264373, , , , , 
906,8493750.000,-13.74763456177422, , , , , 
907,8503125.000,-0.4685548536563604, , , , , 
908,8512500.000,-89.52917422897562, , , , , 
909,8521875.000,-95.3013024308309, , , , , 
910,8531250.000,-94.26444087072949, , , , , 
911,8540625.000,-71.65982088259534, , , , , 
912,8550000.000,-0.00019253209306927885, , , , , 
913,8559375.000,-71.65982088259534, , , , , 
914,8568750.000,-94.26444087072949, , , , , 
915,8578125.000,-95.3013024308309, , , , , 
916,8587500.000,-89.52917422897562, , , , , 
917,8596875.000,-0.4685548536563604, , , , , 
918,8606250.000,-13.74763456177422, , , , , 
919,8615625.000,-92.56208086264373, , , , , 
920,8625000.000,-95.67918996515832, , , , , 
921,8634375.000,-92.56208086264373, , , , , 
922,8643750.000,-13.74763456177422, , , , , 
923,8653125.000,-0.4685548536563604, , , , , 
924,8662500.000,-89.52917422897562, , , , , 
925,8671875.000,-95.3013024308309, , , , , 
926,8681250.000,-94.26444087072949, , , , , 
927,8690625.000,-71.65982088259534, , , , , 
928,8700000.000,-0.00019253209306927885, , , , , 
929,8709375.000,-71.65982088259534, , , , , 
930,8718750.000,-94.26444087072949, , , , , 
931,8728125.000,-95.3013024308309, , , , , 
932,8737500.000,-89.52917422897562, , , , , 
933,8746875.000,-0.4685548536563604, , , , , 
934,8756250.000,-13.74763456177422, , , , , 
935,8765625.000,-92.56208086264373, , , , , 
936,8775000.000,-95.67918996515832, , , , , 
937,8784375.000,-92.56208086264373, , , , , 
938,8793750.000,-13.74763456177422, , , , , 
939,8803125.000,-0.4685548536563604, , , , , 
940,8812500.000,-89.52917422897562,45,940,941,942,8821875.00
941,8821875.000,-95.3013024308309, , , , , 
942,8831250.000,-94.26444087072949, , , , , 
943,8840625.000,-71.65982088259534, , , , , 
944,8850000.000,-0.00019253209306927885, , , , , 
945,8859375.000,-71.65982088259534, , , , , 
946,8868750.000,-94.26444087072949, , , , , 
947,8878125.000,-95.3013024308309, , , , , 
948,8887500.000,-89.52917422897562, , , , , 
949,8896875.000,-0.4685548536563604, , , , , 
950,8906250.000,-13.74763456177422, , , , , 
951,8915625.000,-92.56208086264373, , , , , 
952,8925000.000,-95.67918996515832, , , , , 
953,8934375.000,-92.56208086264373, , , , , 
954,8943750.000,-13.74763456177422, , , , , 
955,8953125.000,-0.4685548536563604, , , , , 
956,8962500.000,-89.52917422897562, , , , , 
957,8971875.000,-95.3013024308309, , , , , 
958,8981250.000,-94.26444087072949, , , , , 
959,8990625.000,-71.65982088259534, , , , , 
960,9000000.000,-0.00019253209306927885, , , , , 
961,9009375.000,-71.65982088259534, , , , , 
962,9018750.000,-94.26444087072949, , , , , 
963,9028125.000,-95.3013024308309, , , , , 
964,9037500.000,-89.52917422897562, , , , , 
965,9046875.000,-0.4685548536563604, , , , , 
966,9056250.000,-13.74763456177422, , , , , 
967,9065625.000,-92.56208086264373, , , , , 
968,9075000.000,-95.67918996515832, , , , , 
969,9084375.000,-92.56208086264373, , , , , 
970,9093750.000,-13.74763456177422, , , , , 
971,9103125.000,-0.4685548536563604, , , , , 
972,9112500.000,-89.52917422897562, , , , , 
973,9121875.000,-95.3013024308309, , , , , 
974,9131250.000,-94.26444087072949, , , , , 
975,9140625.000,-71.65982088259534, , , , , 
976,9150000.000,-0.00019253209306927885, , , , , 
977,9159375.000,-71.65982088259534, , , , , 
978,9168750.000,-94.26444087072949, , , , , 
979,9178125.000,-95.3013024308309, , , , , 
980,9187500.000,-89.52917422897562,46,980,979,978,9178125.00
981,9196875.000,-0.4685548536563604, , , , , 
982,9206250.000,-13.74763456177422, , , , , 
983,9215625.000,-92.56208086264373, , , , , 
984,9225000.000,-95.67918996515832, , , , , 
985,9234375.000,-92.56208086264373, , , , , 
986,9243750.000,-13.74763456177422, , , , , 
987,9253125.000,-0.4685548536563604, , , , , 
988,9262500.000,-89.52917422897562, , , , , 
989,9271875.000,-95.3013024308309, , , , , 
990,9281250.000,-94.26444087072949, , , , , 
991,9290625.000,-71.65982088259534, , , , , 
992,9300000.000,-0.00019253209306927885, , , , , 
993,9309375.000,-71.65982088259534, , , , , 
994,9318750.000,-94.26444087072949, , , , , 
995,9328125.000,-95.3013024308309, , , , , 
996,9337500.000,-89.52917422897562, , , , , 
997,9346875.000,-0.4685548536563604, , , , , 
998,9356250.000,-13.74763456177422, , , , , 
999,9365625.000,-92.56208086264373, , , , , 
1000,9375000.000,-95.67918996515832, , , , , 
1001,9384375.000,-92.56208086264373, , , , , 
1002,9393750.000,-13.74763456177422, , , , , 
1003,9403125.000,-0.4685548536563604, , , , , 
1004,9412500.000,-89.52917422897562, , , , , 
1005,9421875.000,-95.3013024308309, , , , , 
1006,9431250.000,-94.26444087072949, , , , , 
1007,9440625.000,-71.65982088259534, , , , , 
1008,9450000.000,-0.00019253209306927885, , , , , 
1009,9459375.000,-71.65982088259534, , , , , 
1010,9468750.000,-94.26444087072949, , , , , 
1011,9478125.000,-95.3013024308309, , , , , 
1012,9487500.000,-89.52917422897562, , , , , 
1013,9496875.000,-0.4685548536563604, , , , , 
1014,9506250.000,-13.74763456177422, , , , , 
1015,9515625.000,-92.56208086264373, , , , , 
1016,9525000.000,-95.67918996515832, , , , , 
1017,9534375.000,-92.56208086264373, , , , , 
1018,9543750.000,-13.74763456177422, , , , , 
1019,9553125.000,-0.4685548536563604, , , , , 
1020,9562500.000,-89.52917422897562, , , , , 
1021,9571875.000,-95.3013024308309, , , , , 
1022,9581250.000,-94.26444087072949,47,1022,1021,1020,9571875.00
1023,9590625.000,-71.65982088259534, , , , , 
1024,9600000.000,-0.00019253209306927885, , , , , 
1025,9609375.000,-71.65982088259534, , , , , 
1026,9618750.000,-94.26444087072949, , , , , 
1027,9628125.000,-95.3013024308309, , , , , 
1028,9637500.000,-89.52917422897562, , , , , 
1029,9646875.000,-0.4685548536563604, , , , , 
1030,9656250.000,-13.74763456177422, , , , , 
1031,9665625.000,-92.56208086264373, , , , , 
1032,9675000.000,-95.67918996515832, , , , , 
1033,9684375.000,-92.56208086264373, , , , , 
1034,9693750.000,-13.74763456177422, , , , , 
1035,9703125.000,-0.4685548536563604, , , , , 
1036,9712500.000,-89.52917422897562, , , , , 
1037,9721875.000,-95.3013024308309, , , , , 
1038,9731250.000,-94.26444087072949, , , , , 
1039,9740625.000,-71.65982088259534, , , , , 
1040,9750000.000,-0.00019253209306927885, , , , , 
1041,9759375.000,-71.65982088259534, , , , , 
1042,9768750.000,-94.26444087072949, , , , , 
1043,9778125.000,-95.3013024308309, , , , , 
1044,9787500.000,-89.52917422897562, , , , , 
1045,9796875.000,-0.4685548536563604, , , , , 
1046,9806250.000,-13.74763456177422, , , , , 
1047,9815625.000,-92.56208086264373, , , , , 
1048,9825000.000,-95.67918996515832, , , , , 
1049,9834375.000,-92.56208086264373, , , , , 
1050,9843750.000,-13.74763456177422, , , , , 
1051,9853125.000,-0.4685548536563604, , , , , 
1052,9862500.000,-89.52917422897562, , , , , 
1053,9871875.000,-95.3013024308309, , , , , 
1054,9881250.000,-94.26444087072949, , , , , 
1055,9890625.000,-71.65982088259534, , , , , 
1056,9900000.000,-0.00019253209306927885, , , , , 
1057,9909375.000,-71.65982088259534, , , , , 
1058,9918750.000,-94.26444087072949, , , , , 
1059,9928125.000,-95.3013024308309, , , , , 
1060,9937500.000,-89.52917422897562, , , , , 
1061,9946875.000,-0.4685548536563604, , , , , 
1062,9956250.000,-13.74763456177422, , , , , 
1063,9965625.000,-92.56208086264373, , , , , 
1064,9975000.000,-95.67918996515832, , , , , 
1065,9984375.000,-92.56208086264373, , , , , 
1066,9993750.000,-13.74763456177422, , , , , 
1067,10003125.000,-0.4685548536563604, , , , , 
1068,10012500.000,-89.52917422897562, , , , , 
1069,10021875.000,-95.3013024308309,48,1069,1068,1070,10021875.00
1070,10031250.000,-94.26444087072949, , , , , 
1071,10040625.000,-71.65982088259534, , , , , 
1072,10050000.000,-0.00019253209306927885, , , , , 
1073,10059375.000,-71.65982088259534, , , , , 
1074,10068750.000,-94.26444087072949, , , , , 
1075,10078125.000,-95.3013024308309, , , , , 
1076,10087500.000,-89.52917422897562, , , , , 
1077,10096875.000,-0.4685548536563604, , , , , 
1078,10106250.000,-13.74763456177422, , , , , 
1079,10115625.000,-92.56208086264373, , , , , 
1080,10125000.000,-95.67918996515832, , , , , 
1081,10134375.000,-92.56208086264373, , , , , 
1082,10143750.000,-13.74763456177422, , , , , 
1083,10153125.000,-0.4685548536563604, , , , , 
1084,10162500.000,-89.52917422897562, , , , , 
1085,10171875.000,-95.3013024308309, , , , , 
1086,10181250.000,-94.26444087072949, , , , , 
1087,10190625.000,-71.65982088259534, , , , , 
1088,10200000.000,-0.00019253209306927885, , , , , 
1089,10209375.000,-71.65982088259534, , , , , 
1090,10218750.000,-94.26444087072949, , , , , 
1091,10228125.000,-95.3013024308309, , , , , 
1092,10237500.000,-89.52917422897562, , , , , 
1093,10246875.000,-0.4685548536563604, , , , , 
1094,10256250.000,-13.74763456177422, , , , , 
1095,10265625.000,-92.56208086264373, , , , , 
1096,10275000.000,-95.67918996515832, , , , , 
1097,10284375.000,-92.56208086264373, , , , , 
1098,10293750.000,-13.74763456177422, , , , , 
1099,10303125.000,-0.4685548536563604, , , , , 
1100,10312500.000,-89.52917422897562, , , , , 
1101,10321875.000,-95.3013024308309, , , , , 
1102,10331250.000,-94.26444087072949, , , , , 
1103,10340625.000,-71.65982088259534, , , , , 
1104,10350000.000,-0.00019253209306927885, , , , , 
1105,10359375.000,-71.65982088259534, , , , , 
1106,10368750.000,-94.26444087072949, , , , , 
1107,10378125.000,-95.3013024308309, , , , , 
1108,10387500.000,-89.52917422897562, , , , , 
1109,10396875.000,-0.4685548536563604, , , , , 
1110,10406250.000,-13.74763456177422, , , , , 
1111,10415625.000,-92.56208086264373, , , , , 
1112,10425000.000,-95.67918996515832, , , , , 
1113,10434375.000,-92.56208086264373, , , , , 
1114,10443750.000,-13.74763456177422, , , , , 
1115,10453125.000,-0.4685548536563604, , , , , 
1116,10462500.000,-89.52917422897562, , , , , 
1117,10471875.000,-95.3013024308309,49,1117,1116,1118,10471875.00
1118,10481250.000,-94.26444087072949, , , , , 
1119,10490625.000,-71.65982088259534, , , , , 
1120,10500000.000,-0.00019253209306927885, , , , , 
1121,10509375.000,-71.65982088259534, , , , , 
1122,10518750.000,-94.26444087072949, , , , , 
1123,10528125.000,-95.3013024308309, , , , , 
1124,10537500.000,-89.52917422897562, , , , , 
1125,10546875.000,-0.4685548536563604, , , , , 
1126,10556250.000,-13.74763456177422, , , , , 
1127,10565625.000,-92.56208086264373, , , , , 
1128,10575000.000,-95.67918996515832, , , , , 
1129,10584375.000,-92.56208086264373, , , , , 
1130,10593750.000,-13.74763456177422, , , , , 
1131,10603125.000,-0.4685548536563604, , , , , 
1132,10612500.000,-89.52917422897562, , , , , 
1133,10621875.000,-95.3013024308309, , , , , 
1134,10631250.000,-94.26444087072949, , , , , 
1135,10640625.000,-71.65982088259534, , , , , 
1136,10650000.000,-0.00019253209306927885, , , , , 
1137,10659375.000,-71.65982088259534, , , , , 
1138,10668750.000,-94.26444087072949, , , , , 
1139,10678125.000,-95.3013024308309, , , , , 
1140,10687500.000,-89.52917422897562, , , , , 
1141,10696875.000,-0.4685548536563604, , , , , 
1142,10706250.000,-13.74763456177422, , , , , 
1143,10715625.000,-92.56208086264373, , , , , 
1144,10725000.000,-95.67918996515832, , , , , 
1145,10734375.000,-92.56208086264373, , , , , 
1146,10743750.000,-13.74763456177422, , , , , 
1147,10753125.000,-0.4685548536563604, , , , , 
1148,10762500.000,-89.52917422897562, , , , , 
1149,10771875.000,-95.3013024308309, , , , , 
1150,10781250.000,-94.26444087072949, , , , , 
1151,10790625.000,-71.65982088259534, , , , , 
1152,10800000.000,-0.00019253209306927885, , , , , 
1153,10809375.000,-71.65982088259534, , , , , 
1154,10818750.000,-94.26444087072949, , , , , 
1155,10828125.000,-95.3013024308309, , , , , 
1156,10837500.000,-89.52917422897562, , , , , 
1157,10846875.000,-0.4685548536563604, , , , , 
1158,10856250.000,-13.74763456177422, , , , , 
1159,10865625.000,-92.56208086264373, , , , , 
1160,10875000.000,-95.67918996515832, , , , , 
1161,10884375.000,-92.56208086264373, , , , , 
1162,10893750.000,-13.74763456177422, , , , , 
1163,10903125.000,-0.4685548536563604, , , , , 
1164,10912500.000,-89.52917422897562, , , , , 
1165,10921875.000,-95.3013024308309, , , , , 
1166,10931250.000,-94.26444087072949,50,1166,1165,1164,10921875.00
1167,10940625.000,-71.65982088259534, , , , , 
1168,10950000.000,-0.00019253209306927885, , , , , 
1169,10959375.000,-71.65982088259534, , , , , 
1170,10968750.000,-94.26444087072949, , , , , 
1171,10978125.000,-95.3013024308309, , , , , 
1172,10987500.000,-89.52917422897562, , , , , 
1173,10996875.000,-0.4685548536563604, , , , , 
1174,11006250.000,-13.74763456177422, , , , , 
1175,11015625.000,-92.56208086264373, , , , , 
1176,11025000.000,-95.67918996515832, , , , , 
1177,11034375.000,-92.56208086264373, , , , , 
1178,11043750.000,-13.74763456177422, , , , , 
1179,11053125.000,-0.4685548536563604, , , , , 
1180,11062500.000,-89.52917422897562, , , , , 
1181,11071875.000,-95.3013024308309, , , , , 
1182,11081250.000,-94.26444087072949, , , , , 
1183,11090625.000,-71.65982088259534, , , , , 
1184,11100000.000,-0.00019253209306927885, , , , , 
1185,11109375.000,-71.65982088259534, , , , , 
1186,11118750.000,-94.26444087072949, , , , , 
1187,11128125.000,-95.3013024308309, , , , , 
1188,11137500.000,-89.52917422897562, , , , , 
1189,11146875.000,-0.4685548536563604, , , , , 
1190,11156250.000,-13.74763456177422, , , , , 
1191,11165625.000,-92.56208086264373, , , , , 
1192,11175000.000,-95.67918996515832, , , , , 
1193,11184375.000,-92.56208086264373, , , , , 
1194,11193750.000,-13.74763456177422, , , , , 
1195,11203125.000,-0.4685548536563604, , , , , 
1196,11212500.000,-89.52917422897562, , , , , 
1197,11221875.000,-95.3013024308309, , , , , 
1198,11231250.000,-94.26444087072949, , , , , 
1199,11240625.000,-71.65982088259534, , , , , 
1200,11250000.000,-0.00019253209306927885, , , , , 
1201,11259375.000,-71.65982088259534, , , , , 
1202,11268750.000,-94.26444087072949, , , , , 
1203,11278125.000,-95.3013024308309, , , , , 
1204,11287500.000,-89.52917422897562, , , , , 
1205,11296875.000,-0.4685548536563604, , , , , 
1206,11306250.000,-13.74763456177422, , , , , 
1207,11315625.000,-92.56208086264373, , , , , 
1208,11325000.000,-95.67918996515832, , , , , 
1209,11334375.000,-92.56208086264373, , , , , 
1210,11343750.000,-13.74763456177422, , , , , 
1211,11353125.000,-0.4685548536563604, , , , , 
1212,11362500.000,-89.52917422897562, , , , , 
1213,11371875.000,-95.3013024308309, , , , , 
1214,11381250.000,-94.26444087072949, , , , , 
1215,11390625.000,-71.65982088259534, , , , , 
1216,11400000.000,-0.00019253209306927885, , , , , 
1217,11409375.000,-71.65982088259534, , , , , 
1218,11418750.000,-94.26444087072949,51,1218,1219,1220,11428125.00
1219,11428125.000,-95.3013024308309, , , , , 
1220,11437500.000,-89.52917422897562, , , , , 
1221,11446875.000,-0.4685548536563604, , , , , 
1222,11456250.000,-13.74763456177422, , , , , 
1223,11465625.000,-92.56208086264373, , , , , 
1224,11475000.000,-95.67918996515832, , , , , 
1225,11484375.000,-92.56208086264373, , , , , 
1226,11493750.000,-13.74763456177422, , , , , 
1227,11503125.000,-0.4685548536563604, , , , , 
1228,11512500.000,-89.52917422897562, , , , , 
1229,11521875.000,-95.3013024308309, , , , , 
1230,11531250.000,-94.26444087072949, , , , , 
1231,11540625.000,-71.65982088259534, , , , , 
1232,11550000.000,-0.00019253209306927885, , , , , 
1233,11559375.000,-71.65982088259534, , , , , 
1234,11568750.000,-94.26444087072949, , , , , 
1235,11578125.000,-95.3013024308309, , , , , 
1236,11587500.000,-89.52917422897562, , , , , 
1237,11596875.000,-0.4685548536563604, , , , , 
1238,11606250.000,-13.74763456177422, , , , , 
1239,11615625.000,-92.56208086264373, , , , , 
1240,11625000.000,-95.67918996515832, , , , , 
1241,11634375.000,-92.56208086264373, , , , , 
1242,11643750.000,-13.74763456177422, , , , , 
1243,11653125.000,-0.4685548536563604, , , , , 
1244,11662500.000,-89.52917422897562, , , , , 
1245,11671875.000,-95.3013024308309, , , , , 
1246,11681250.000,-94.26444087072949, , , , , 
1247,11690625.000,-71.65982088259534, , , , , 
1248,11700000.000,-0.00019253209306927885, , , , , 
1249,11709375.000,-71.65982088259534, , , , , 
1250,11718750.000,-94.26444087072949, , , , , 
1251,11728125.000,-95.3013024308309, , , , , 
1252,11737500.000,-89.52917422897562, , , , , 
1253,11746875.000,-0.4685548536563604, , , , , 
1254,11756250.000,-13.74763456177422, , , , , 
1255,11765625.000,-92.56208086264373, , , , , 
1256,11775000.000,-95.67918996515832, , , , , 
1257,11784375.000,-92.56208086264373, , , , , 
1258,11793750.000,-13.74763456177422, , , , , 
1259,11803125.000,-0.4685548536563604, , , , , 
1260,11812500.000,-89.52917422897562, , , , , 
1261,11821875.000,-95.3013024308309, , , , , 
1262,11831250.000,-94.26444087072949, , , , , 
1263,11840625.000,-71.65982088259534, , , , , 
1264,11850000.000,-0.00019253209306927885, , , , , 
1265,11859375.000,-71.65982088259534, , , , , 
1266,11868750.000,-94.26444087072949, , , , , 
1267,11878125.000,-95.3013024308309, , , , , 
1268,11887500.000,-89.52917422897562, , , , , 
1269,11896875.000,-0.4685548536563604, , , , , 
1270,11906250.000,-13.74763456177422, , , , , 
1271,11915625.000,-92.56208086264373, , , , , 
1272,11925000.000,-95.67918996515832,52,1272,1271,1273,11925000.00
1273,11934375.000,-92.56208086264373, , , , , 
1274,11943750.000,-13.74763456177422, , , , , 
1275,11953125.000,-0.4685548536563604, , , , , 
1276,11962500.000,-89.52917422897562, , , , , 
1277,11971875.000,-95.3013024308309, , , , , 
1278,11981250.000,-94.26444087072949, , , , , 
1279,11990625.000,-71.65982088259534, , , , , 
1280,12000000.000,-0.00019253209306927885, , , , , 
1281,12009375.000,-71.65982088259534, , , , , 
1282,12018750.000,-94.26444087072949, , , , , 
1283,12028125.000,-95.3013024308309, , , , , 
1284,12037500.000,-89.52917422897562, , , , , 
1285,12046875.000,-0.4685548536563604, , , , , 
1286,12056250.000,-13.74763456177422, , , , , 
1287,12065625.000,-92.56208086264373, , , , , 
1288,12075000.000,-95.67918996515832, , , , , 
1289,12084375.000,-92.56208086264373, , , , , 
1290,12093750.000,-13.74763456177422, , , , , 
1291,12103125.000,-0.4685548536563604, , , , , 
1292,12112500.000,-89.52917422897562, , , , , 
1293,12121875.000,-95.3013024308309, , , , , 
1294,12131250.000,-94.26444087072949, , , , , 
1295,12140625.000,-71.65982088259534, , , , , 
1296,12150000.000,-0.00019253209306927885, , , , , 
1297,12159375.000,-71.65982088259534, , , , , 
1298,12168750.000,-94.26444087072949, , , , , 
1299,12178125.000,-95.3013024308309, , , , , 
1300,12187500.000,-89.52917422897562, , , , , 
1301,12196875.000,-0.4685548536563604, , , , , 
1302,12206250.000,-13.74763456177422, , , , , 
1303,12215625.000,-92.56208086264373, , , , , 
1304,12225000.000,-95.67918996515832, , , , , 
1305,12234375.000,-92.56208086264373, , , , , 
1306,12243750.000,-13.74763456177422, , , , , 
1307,12253125.000,-0.4685548536563604, , , , , 
1308,12262500.000,-89.52917422897562, , , , , 
1309,12271875.000,-95.3013024308309, , , , , 
1310,12281250.000,-94.26444087072949, , , , , 
1311,12290625.000,-71.65982088259534, , , , , 
1312,12300000.000,-0.00019253209306927885, , , , , 
1313,12309375.000,-71.65982088259534, , , , , 
1314,12318750.000,-94.26444087072949, , , , , 
1315,12328125.000,-95.3013024308309, , , , , 
1316,12337500.000,-89.52917422897562, , , , , 
1317,12346875.000,-0.4685548536563604, , , , , 
1318,12356250.000,-13.74763456177422, , , , , 
1319,12365625.000,-92.56208086264373, , , , , 
1320,12375000.000,-95.67918996515832, , , , , 
1321,12384375.000,-92.56208086264373, , , , , 
1322,12393750.000,-13.74763456177422, , , , , 
1323,12403125.000,-0.4685548536563604, , , , , 
1324,12412500.000,-89.52917422897562, , , , , 
1325,12421875.000,-95.3013024308309, , , , , 
1326,12431250.000,-94.26444087072949,53,1326,1325,1324,12421875.00
1327,12440625.000,-71.65982088259534, , , , , 
1328,12450000.000,-0.00019253209306927885, , , , , 
1329,12459375.000,-71.65982088259534, , , , , 
1330,12468750.000,-94.26444087072949, , , , , 
1331,12478125.000,-95.3013024308309, , , , , 
1332,12487500.000,-89.52917422897562, , , , , 
1333,12496875.000,-0.4685548536563604, , , , , 
1334,12506250.000,-13.74763456177422, , , , , 
1335,12515625.000,-92.56208086264373, , , , , 
1336,12525000.000,-95.67918996515832, , , , , 
1337,12534375.000,-92.56208086264373, , , , , 
1338,12543750.000,-13.74763456177422, , , , , 
1339,12553125.000,-0.4685548536563604, , , , , 
1340,12562500.000,-89.52917422897562, , , , , 
1341,12571875.000,-95.3013024308309, , , , , 
1342,12581250.000,-94.26444087072949, , , , , 
1343,12590625.000,-71.65982088259534, , , , , 
1344,12600000.000,-0.00019253209306927885, , , , , 
1345,12609375.000,-71.65982088259534, , , , , 
1346,12618750.000,-94.26444087072949, , , , , 
1347,12628125.000,-95.3013024308309, , , , , 
1348,12637500.000,-89.52917422897562, , , , , 
1349,12646875.000,-0.4685548536563604, , , , , 
1350,12656250.000,-13.74763456177422, , , , , 
1351,12665625.000,-92.56208086264373, , , , , 
1352,12675000.000,-95.67918996515832, , , , , 
1353,12684375.000,-92.56208086264373, , , , , 
1354,12693750.000,-13.74763456177422, , , , , 
1355,12703125.000,-0.4685548536563604, , , , , 
1356,12712500.000,-89.52917422897562, , , , , 
1357,12721875.000,-95.3013024308309, , , , , 
1358,12731250.000,-94.26444087072949, , , , , 
1359,12740625.000,-71.65982088259534, , , , , 
1360,12750000.000,-0.00019253209306927885, , , , , 
1361,12759375.000,-71.65982088259534, , , , , 
1362,12768750.000,-94.26444087072949, , , , , 
1363,12778125.000,-95.3013024308309, , , , , 
1364,12787500.000,-89.52917422897562, , , , , 
1365,12796875.000,-0.4685548536563604, , , , , 
1366,12806250.000,-13.74763456177422, , , , , 
1367,12815625.000,-92.56208086264373, , , , , 
1368,12825000.000,-95.67918996515832, , , , , 
1369,12834375.000,-92.56208086264373, , , , , 
1370,12843750.000,-13.74763456177422, , , , , 
1371,12853125.000,-0.4685548536563604, , , , , 
1372,12862500.000,-89.52917422897562, , , , , 
1373,12871875.000,-95.3013024308309, , , , , 
1374,12881250.000,-94.26444087072949, , , , , 
1375,12890625.000,-71.65982088259534, , , , , 
1376,12900000.000,-0.00019253209306927885, , , , , 
1377,12909375.000,-71.65982088259534, , , , , 
1378,12918750.000,-94.26444087072949, , , , , 
1379,12928125.000,-95.3013024308309, , , , , 
1380,12937500.000,-89.52917422897562, , , , , 
1381,12946875.000,-0.4685548536563604, , , , , 
1382,12956250.000,-13.74763456177422, , , , , 
1383,12965625.000,-92.56208086264373, , , , , 
1384,12975000.000,-95.67918996515832, , , , , 
1385,12984375.000,-92.56208086264373, , , , , 
1386,12993750.000,-13.74763456177422, , , , , 
1387,13003125.000,-0.4685548536563604, , , , , 
1388,13012500.000,-89.52917422897562,54,1388,1389,1390,13021875.00
1389,13021875.000,-95.3013024308309, , , , , 
1390,13031250.000,-94.26444087072949, , , , , 
1391,13040625.000,-71.65982088259534, , , , , 
1392,13050000.000,-0.00019253209306927885, , , , , 
1393,13059375.000,-71.65982088259534, , , , , 
1394,13068750.000,-94.26444087072949, , , , , 
1395,13078125.000,-95.3013024308309, , , , , 
1396,13087500.000,-89.52917422897562, , , , , 
1397,13096875.000,-0.4685548536563604, , , , , 
1398,13106250.000,-13.74763456177422, , , , , 
1399,13115625.000,-92.56208086264373, , , , , 
1400,13125000.000,-95.67918996515832, , , , , 
1401,13134375.000,-92.56208086264373, , , , , 
1402,13143750.000,-13.74763456177422, , , , , 
1403,13153125.000,-0.4685548536563604, , , , , 
1404,13162500.000,-89.52917422897562, , , , , 
1405,13171875.000,-95.3013024308309, , , , , 
1406,13181250.000,-94.26444087072949, , , , , 
1407,13190625.000,-71.65982088259534, , , , , 
1408,13200000.000,-0.00019253209306927885, , , , , 
1409,13209375.000,-71.65982088259534, , , , , 
1410,13218750.000,-94.26444087072949, , , , , 
1411,13228125.000,-95.3013024308309, , , , , 
1412,13237500.000,-89.52917422897562, , , , , 
1413,13246875.000,-0.4685548536563604, , , , , 
1414,13256250.000,-13.74763456177422, , , , , 
1415,13265625.000,-92.56208086264373, , , , , 
1416,13275000.000,-95.67918996515832, , , , , 
1417,13284375.000,-92.56208086264373, , , , , 
1418,13293750.000,-13.74763456177422, , , , , 
1419,13303125.000,-0.4685548536563604, , , , , 
1420,13312500.000,-89.52917422897562, , , , , 
1421,13321875.000,-95.3013024308309, , , , , 
1422,13331250.000,-94.26444087072949, , , , , 
1423,13340625.000,-71.65982088259534, , , , , 
1424,13350000.000,-0.00019253209306927885, , , , , 
1425,13359375.000,-71.65982088259534, , , , , 
1426,13368750.000,-94.26444087072949, , , , , 
1427,13378125.000,-95.3013024308309, , , , , 
1428,13387500.000,-89.52917422897562, , , , , 
1429,13396875.000,-0.4685548536563604, , , , , 
1430,13406250.000,-13.74763456177422, , , , , 
1431,13415625.000,-92.56208086264373, , , , , 
1432,13425000.000,-95.67918996515832, , , , , 
1433,13434375.000,-92.56208086264373, , , , , 
1434,13443750.000,-13.74763456177422, , , , , 
1435,13453125.000,-0.4685548536563604, , , , , 
1436,13462500.000,-89.52917422897562, , , , , 
1437,13471875.000,-95.3013024308309, , , , , 
1438,13481250.000,-94.26444087072949, , , , , 
1439,13490625.000,-71.65982088259534, , , , , 
1440,13500000.000,-0.00019253209306927885, , , , , 
1441,13509375.000,-71.65982088259534, , , , , 
1442,13518750.000,-94.26444087072949, , , , , 
1443,13528125.000,-95.3013024308309, , , , , 
1444,13537500.000,-89.52917422897562, , , , , 
1445,13546875.000,-0.4685548536563604, , , , , 
1446,13556250.000,-13.74763456177422, , , , , 
1447,13565625.000,-92.56208086264373, , , , , 
1448,13575000.000,-95.67918996515832,55,1448,1447,1449,13575000.00
1449,13584375.000,-92.56208086264373, , , , , 
1450,13593750.000,-13.74763456177422, , , , , 
1451,13603125.000,-0.4685548536563604, , , , , 
1452,13612500.000,-89.52917422897562, , , , , 
1453,13621875.000,-95.3013024308309, , , , , 
1454,13631250.000,-94.26444087072949, , , , , 
1455,13640625.000,-71.65982088259534, , , , , 
1456,13650000.000,-0.00019253209306927885, , , , , 
1457,13659375.000,-71.65982088259534, , , , , 
1458,13668750.000,-94.26444087072949, , , , , 
1459,13678125.000,-95.3013024308309, , , , , 
1460,13687500.000,-89.52917422897562, , , , , 
1461,13696875.000,-0.4685548536563604, , , , , 
1462,13706250.000,-13.74763456177422, , , , , 
1463,13715625.000,-92.56208086264373, , , , , 
1464,13725000.000,-95.67918996515832, , , , , 
1465,13734375.000,-92.56208086264373, , , , , 
1466,13743750.000,-13.74763456177422, , , , , 
1467,13753125.000,-0.4685548536563604, , , , , 
1468,13762500.000,-89.52917422897562, , , , , 
1469,13771875.000,-95.3013024308309, , , , , 
1470,13781250.000,-94.26444087072949, , , , , 
1471,13790625.000,-71.65982088259534, , , , , 
1472,13800000.000,-0.00019253209306927885, , , , , 
1473,13809375.000,-71.65982088259534, , , , , 
1474,13818750.000,-94.26444087072949, , , , , 
1475,13828125.000,-95.3013024308309, , , , , 
1476,13837500.000,-89.52917422897562, , , , , 
1477,13846875.000,-0.4685548536563604, , , , , 
1478,13856250.000,-13.74763456177422, , , , , 
1479,13865625.000,-92.56208086264373, , , , , 
1480,13875000.000,-95.67918996515832, , , , , 
1481,13884375.000,-92.56208086264373, , , , , 
1482,13893750.000,-13.74763456177422, , , , , 
1483,13903125.000,-0.4685548536563604, , , , , 
1484,13912500.000,-89.52917422897562, , , , , 
1485,13921875.000,-95.3013024308309, , , , , 
1486,13931250.000,-94.26444087072949, , , , , 
1487,13940625.000,-71.65982088259534, , , , , 
1488,13950000.000,-0.00019253209306927885, , , , , 
1489,13959375.000,-71.65982088259534, , , , , 
1490,13968750.000,-94.26444087072949, , , , , 
1491,13978125.000,-95.3013024308309, , , , , 
1492,13987500.000,-89.52917422897562, , , , , 
1493,13996875.000,-0.4685548536563604, , , , , 
1494,14006250.000,-13.74763456177422, , , , , 
1495,14015625.000,-92.56208086264373, , , , , 
1496,14025000.000,-95.67918996515832, , , , , 
1497,14034375.000,-92.56208086264373, , , , , 
1498,14043750.000,-13.74763456177422, , , , , 
1499,14053125.000,-0.4685548536563604, , , , , 
1500,14062500.000,-89.52917422897562, , , , , 
1501,14071875.000,-95.3013024308309, , , , , 
1502,14081250.000,-94.26444087072949, , , , , 
1503,14090625.000,-71.65982088259534, , , , , 
1504,14100000.000,-0.00019253209306927885, , , , , 
1505,14109375.000,-71.65982088259534, , , , , 
1506,14118750.000,-94.26444087072949, , , , , 
1507,14128125.000,-95.3013024308309, , , , , 
1508,14137500.000,-89.52917422897562, , , , , 
1509,14146875.000,-0.4685548536563604, , , , , 
1510,14156250.000,-13.74763456177422, , , , , 
1511,14165625.000,-92.56208086264373, , , , , 
1512,14175000.000,-95.67918996515832,56,1512,1511,1513,14175000.00
1513,14184375.000,-92.56208086264373, , , , , 
1514,14193750.000,-13.74763456177422, , , , , 
1515,14203125.000,-0.4685548536563604, , , , , 
1516,14212500.000,-89.52917422897562, , , , , 
1517,14221875.000,-95.3013024308309, , , , , 
1518,14231250.000,-94.26444087072949, , , , , 
1519,14240625.000,-71.65982088259534, , , , , 
1520,14250000.000,-0.00019253209306927885, , , , , 
1521,14259375.000,-71.65982088259534, , , , , 
1522,14268750.000,-94.26444087072949, , , , , 
1523,14278125.000,-95.3013024308309, , , , , 
1524,14287500.000,-89.52917422897562, , , , , 
1525,14296875.000,-0.4685548536563604, , , , , 
1526,14306250.000,-13.74763456177422, , , , , 
1527,14315625.000,-92.56208086264373, , , , , 
1528,14325000.000,-95.67918996515832, , , , , 
1529,14334375.000,-92.56208086264373, , , , , 
1530,14343750.000,-13.74763456177422, , , , , 
1531,14353125.000,-0.4685548536563604, , , , , 
1532,14362500.000,-89.52917422897562, , , , , 
1533,14371875.000,-95.3013024308309, , , , , 
1534,14381250.000,-94.26444087072949, , , , , 
1535,14390625.000,-71.65982088259534, , , , , 
1536,14400000.000,-0.00019253209306927885, , , , , 
1537,14409375.000,-71.65982088259534, , , , , 
1538,14418750.000,-94.26444087072949, , , , , 
1539,14428125.000,-95.3013024308309, , , , , 
1540,14437500.000,-89.52917422897562, , , , , 
1541,14446875.000,-0.4685548536563604, , , , , 
1542,14456250.000,-13.74763456177422, , , , , 
1543,14465625.000,-92.56208086264373, , , , , 
1544,14475000.000,-95.67918996515832, , , , , 
1545,14484375.000,-92.56208086264373, , , , , 
1546,14493750.000,-13.74763456177422, , , , , 
1547,14503125.000,-0.4685548536563604, , , , , 
1548,14512500.000,-89.52917422897562, , , , , 
1549,14521875.000,-95.3013024308309, , , , , 
1550,14531250.000,-94.26444087072949, , , , , 
1551,14540625.000,-71.65982088259534, , , , , 
1552,14550000.000,-0.00019253209306927885, , , , , 
1553,14559375.000,-71.65982088259534, , , , , 
1554,14568750.000,-94.26444087072949, , , , , 
1555,14578125.000,-95.3013024308309, , , , , 
1556,14587500.000,-89.52917422897562, , , , , 
1557,14596875.000,-0.4685548536563604, , , , , 
1558,14606250.000,-13.74763456177422, , , , , 
1559,14615625.000,-92.56208086264373, , , , , 
1560,14625000.000,-95.67918996515832, , , , , 
1561,14634375.000,-92.56208086264373, , , , , 
1562,14643750.000,-13.74763456177422, , , , , 
1563,14653125.000,-0.4685548536563604, , , , , 
1564,14662500.000,-89.52917422897562, , , , , 
1565,14671875.000,-95.3013024308309, , , , , 
1566,14681250.000,-94.26444087072949, , , , , 
1567,14690625.000,-71.65982088259534, , , , , 
1568,14700000.000,-0.00019253209306927885, , , , , 
1569,14709375.000,-71.65982088259534, , , , , 
1570,14718750.000,-94.26444087072949, , , , , 
1571,14728125.000,-95.3013024308309, , , , , 
1572,14737500.000,-89.52917422897562, , , , , 
1573,14746875.000,-0.4685548536563604, , , , , 
1574,14756250.000,-13.74763456177422, , , , , 
1575,14765625.000,-92.56208086264373, , , , , 
1576,14775000.000,-95.67918996515832, , , , , 
1577,14784375.000,-92.56208086264373, , , , , 
1578,14793750.000,-13.74763456177422, , , , , 
1579,14803125.000,-0.4685548536563604, , , , , 
1580,14812500.000,-89.52917422897562,57,1580,1581,1582,14821875.00
1581,14821875.000,-95.3013024308309, , , , , 
1582,14831250.000,-94.26444087072949, , , , , 
1583,14840625.000,-71.65982088259534, , , , , 
1584,14850000.000,-0.00019253209306927885, , , , , 
1585,14859375.000,-71.65982088259534, , , , , 
1586,14868750.000,-94.26444087072949, , , , , 
1587,14878125.000,-95.3013024308309, , , , , 
1588,14887500.000,-89.52917422897562, , , , , 
1589,14896875.000,-0.4685548536563604, , , , , 
1590,14906250.000,-13.74763456177422, , , , , 
1591,14915625.000,-92.56208086264373, , , , , 
1592,14925000.000,-95.67918996515832, , , , , 
1593,14934375.000,-92.56208086264373, , , , , 
1594,14943750.000,-13.74763456177422, , , , , 
1595,14953125.000,-0.4685548536563604, , , , , 
1596,14962500.000,-89.52917422897562, , , , , 
1597,14971875.000,-95.3013024308309, , , , , 
1598,14981250.000,-94.26444087072949, , , , , 
1599,14990625.000,-71.65982088259534, , , , , 
1600,15000000.000,-0.00019253209306927885, , , , , 
1601,15009375.000,-71.65982088259534, , , , , 
1602,15018750.000,-94.26444087072949, , , , , 
1603,15028125.000,-95.3013024308309, , , , , 
1604,15037500.000,-89.52917422897562, , , , , 
1605,15046875.000,-0.4685548536563604, , , , , 
1606,15056250.000,-13.74763456177422, , , , , 
1607,15065625.000,-92.56208086264373, , , , , 
1608,15075000.000,-95.67918996515832, , , , , 
1609,15084375.000,-92.56208086264373, , , , , 
1610,15093750.000,-13.74763456177422, , , , , 
1611,15103125.000,-0.4685548536563604, , , , , 
1612,15112500.000,-89.52917422897562, , , , , 
1613,15121875.000,-95.3013024308309, , , , , 
1614,15131250.000,-94.26444087072949, , , , , 
1615,15140625.000,-71.65982088259534, , , , , 
1616,15150000.000,-0.00019253209306927885, , , , , 
1617,15159375.000,-71.65982088259534, , , , , 
1618,15168750.000,-94.26444087072949, , , , , 
1619,15178125.000,-95.3013024308309, , , , , 
1620,15187500.000,-89.52917422897562, , , , , 
1621,15196875.000,-0.4685548536563604, , , , , 
1622,15206250.000,-13.74763456177422, , , , , 
1623,15215625.000,-92.56208086264373, , , , , 
1624,15225000.000,-95.67918996515832, , , , , 
1625,15234375.000,-92.56208086264373, , , , , 
1626,15243750.000,-13.74763456177422, , , , , 
1627,15253125.000,-0.4685548536563604, , , , , 
1628,15262500.000,-89.52917422897562, , , , , 
1629,15271875.000,-95.3013024308309, , , , , 
1630,15281250.000,-94.26444087072949, , , , , 
1631,15290625.000,-71.65982088259534, , , , , 
1632,15300000.000,-0.00019253209306927885, , , , , 
1633,15309375.000,-71.65982088259534, , , , , 
1634,15318750.000,-94.26444087072949, , , , , 
1635,15328125.000,-95.3013024308309, , , , , 
1636,15337500.000,-89.52917422897562, , , , , 
1637,15346875.000,-0.4685548536563604, , , , , 
1638,15356250.000,-13.74763456177422, , , , , 
1639,15365625.000,-92.56208086264373, , , , , 
1640,15375000.000,-95.67918996515832, , , , , 
1641,15384375.000,-92.56208086264373, , , , , 
1642,15393750.000,-13.74763456177422, , , , , 
1643,15403125.000,-0.4685548536563604, , , , , 
1644,15412500.000,-89.52917422897562, , , , , 
1645,15421875.000,-95.3013024308309, , , , , 
1646,15431250.000,-94.26444087072949, , , , , 
1647,15440625.000,-71.65982088259534, , , , , 
1648,15450000.000,-0.00019253209306927885, , , , , 
1649,15459375.000,-71.65982088259534, , , , , 
1650,15468750.000,-94.26444087072949,58,1650,1651,1652,15478125.00
1651,15478125.000,-95.3013024308309, , , , , 
1652,15487500.000,-89.52917422897562, , , , , 
1653,15496875.000,-0.4685548536563604, , , , , 
1654,15506250.000,-13.74763456177422, , , , , 
1655,15515625.000,-92.56208086264373, , , , , 
1656,15525000.000,-95.67918996515832, , , , , 
1657,15534375.000,-92.56208086264373, , , , , 
1658,15543750.000,-13.74763456177422, , , , , 
1659,15553125.000,-0.4685548536563604, , , , , 
1660,15562500.000,-89.52917422897562, , , , , 
1661,15571875.000,-95.3013024308309, , , , , 
1662,15581250.000,-94.26444087072949, , , , , 
1663,15590625.000,-71.65982088259534, , , , , 
1664,15600000.000,-0.00019253209306927885, , , , , 
1665,15609375.000,-71.65982088259534, , , , , 
1666,15618750.000,-94.26444087072949, , , , , 
1667,15628125.000,-95.3013024308309, , , , , 
1668,15637500.000,-89.52917422897562, , , , , 
1669,15646875.000,-0.4685548536563604, , , , , 
1670,15656250.000,-13.74763456177422, , , , , 
1671,15665625.000,-92.56208086264373, , , , , 
1672,15675000.000,-95.67918996515832, , , , , 
1673,15684375.000,-92.56208086264373, , , , , 
1674,15693750.000,-13.74763456177422, , , , , 
1675,15703125.000,-0.4685548536563604, , , , , 
1676,15712500.000,-89.52917422897562, , , , , 
1677,15721875.000,-95.3013024308309, , , , , 
1678,15731250.000,-94.26444087072949, , , , , 
1679,15740625.000,-71.65982088259534, , , , , 
1680,15750000.000,-0.00019253209306927885, , , , , 
1681,15759375.000,-71.65982088259534, , , , , 
1682,15768750.000,-94.26444087072949, , , , , 
1683,15778125.000,-95.3013024308309, , , , , 
1684,15787500.000,-89.52917422897562, , , , , 
1685,15796875.000,-0.4685548536563604, , , , , 
1686,15806250.000,-13.74763456177422, , , , , 
1687,15815625.000,-92.56208086264373, , , , , 
1688,15825000.000,-95.67918996515832, , , , , 
1689,15834375.000,-92.56208086264373, , , , , 
1690,15843750.000,-13.74763456177422, , , , , 
1691,15853125.000,-0.4685548536563604, , , , , 
1692,15862500.000,-89.52917422897562, , , , , 
1693,15871875.000,-95.3013024308309, , , , , 
1694,15881250.000,-94.26444087072949, , , , , 
1695,15890625.000,-71.65982088259534, , , , , 
1696,15900000.000,-0.00019253209306927885, , , , , 
1697,15909375.000,-71.65982088259534, , , , , 
1698,15918750.000,-94.26444087072949, , , , , 
1699,15928125.000,-95.3013024308309, , , , , 
1700,15937500.000,-89.52917422897562, , , , , 
1701,15946875.000,-0.4685548536563604, , , , , 
1702,15956250.000,-13.74763456177422, , , , , 
1703,15965625.000,-92.56208086264373, , , , , 
1704,15975000.000,-95.67918996515832, , , , , 
1705,15984375.000,-92.56208086264373, , , , , 
1706,15993750.000,-13.74763456177422, , , , , 
1707,16003125.000,-0.4685548536563604, , , , , 
1708,16012500.000,-89.52917422897562, , , , , 
1709,16021875.000,-95.3013024308309, , , , , 
1710,16031250.000,-94.26444087072949, , , , , 
1711,16040625.000,-71.65982088259534, , , , , 
1712,16050000.000,-0.00019253209306927885, , , , , 
1713,16059375.000,-71.65982088259534, , , , , 
1714,16068750.000,-94.26444087072949, , , , , 
1715,16078125.000,-95.3013024308309, , , , , 
1716,16087500.000,-89.52917422897562, , , , , 
1717,16096875.000,-0.4685548536563604, , , , , 
1718,16106250.000,-13.74763456177422, , , , , 
1719,16115625.000,-92.56208086264373, , , , , 
1720,16125000.000,-95.67918996515832, , , , , 
1721,16134375.000,-92.56208086264373,59,1721,1720,1719,16125000.00
1722,16143750.000,-13.74763456177422, , , , , 
1723,16153125.000,-0.4685548536563604, , , , , 
1724,16162500.000,-89.52917422897562, , , , , 
1725,16171875.000,-95.3013024308309, , , , , 
1726,16181250.000,-94.26444087072949, , , , , 
1727,16190625.000,-71.65982088259534, , , , , 
1728,16200000.000,-0.00019253209306927885, , , , , 
1729,16209375.000,-71.65982088259534, , , , , 
1730,16218750.000,-94.26444087072949, , , , , 
1731,16228125.000,-95.3013024308309, , , , , 
1732,16237500.000,-89.52917422897562, , , , , 
1733,16246875.000,-0.4685548536563604, , , , , 
1734,16256250.000,-13.74763456177422, , , , , 
1735,16265625.000,-92.56208086264373, , , , , 
1736,16275000.000,-95.67918996515832, , , , , 
1737,16284375.000,-92.56208086264373, , , , , 
1738,16293750.000,-13.74763456177422, , , , , 
1739,16303125.000,-0.4685548536563604, , , , , 
1740,16312500.000,-89.52917422897562, , , , , 
1741,16321875.000,-95.3013024308309, , , , , 
1742,16331250.000,-94.26444087072949, , , , , 
1743,16340625.000,-71.65982088259534, , , , , 
1744,16350000.000,-0.00019253209306927885, , , , , 
1745,16359375.000,-71.65982088259534, , , , , 
1746,16368750.000,-94.26444087072949, , , , , 
1747,16378125.000,-95.3013024308309, , , , , 
1748,16387500.000,-89.52917422897562, , , , , 
1749,16396875.000,-0.4685548536563604, , , , , 
1750,16406250.000,-13.74763456177422, , , , , 
1751,16415625.000,-92.56208086264373, , , , , 
1752,16425000.000,-95.67918996515832, , , , , 
1753,16434375.000,-92.56208086264373, , , , , 
1754,16443750.000,-13.74763456177422, , , , , 
1755,16453125.000,-0.4685548536563604, , , , , 
1756,16462500.000,-89.52917422897562, , , , , 
1757,16471875.000,-95.3013024308309, , , , , 
1758,16481250.000,-94.26444087072949, , , , , 
1759,16490625.000,-71.65982088259534, , , , , 
1760,16500000.000,-0.00019253209306927885, , , , , 
1761,16509375.000,-71.65982088259534, , , , , 
1762,16518750.000,-94.26444087072949, , , , , 
1763,16528125.000,-95.3013024308309, , , , , 
1764,16537500.000,-89.52917422897562, , , , , 
1765,16546875.000,-0.4685548536563604, , , , , 
1766,16556250.000,-13.74763456177422, , , , , 
1767,16565625.000,-92.56208086264373, , , , , 
1768,16575000.000,-95.67918996515832, , , , , 
1769,16584375.000,-92.56208086264373, , , , , 
1770,16593750.000,-13.74763456177422, , , , , 
1771,16603125.000,-0.4685548536563604, , , , , 
1772,16612500.000,-89.52917422897562, , , , , 
1773,16621875.000,-95.3013024308309, , , , , 
1774,16631250.000,-94.26444087072949, , , , , 
1775,16640625.000,-71.65982088259534, , , , , 
1776,16650000.000,-0.00019253209306927885, , , , , 
1777,16659375.000,-71.65982088259534, , , , , 
1778,16668750.000,-94.26444087072949, , , , , 
1779,16678125.000,-95.3013024308309, , , , , 
1780,16687500.000,-89.52917422897562, , , , , 
1781,16696875.000,-0.4685548536563604, , , , , 
1782,16706250.000,-13.74763456177422, , , , , 
1783,16715625.000,-92.56208086264373, , , , , 
1784,16725000.000,-95.67918996515832, , , , , 
1785,16734375.000,-92.56208086264373, , , , , 
1786,16743750.000,-13.74763456177422, , , , , 
1787,16753125.000,-0.4685548536563604, , , , , 
1788,16762500.000,-89.52917422897562, , , , , 
1789,16771875.000,-95.3013024308309, , , , , 
1790,16781250.000,-94.26444087072949, , , , , 
1791,16790625.000,-71.65982088259534, , , , , 
1792,16800000.000,-0.00019253209306927885, , , , , 
1793,16809375.000,-71.65982088259534, , , , , 
1794,16818750.000,-94.26444087072949, , , , , 
1795,16828125.000,-95.3013024308309, , , , , 
1796,16837500.000,-89.52917422897562, , , , , 
1797,16846875.000,-0.4685548536563604, , , , , 
1798,16856250.000,-13.74763456177422, , , , , 
1799,16865625.000,-92.56208086264373,60,1799,1800,1801,16875000.00
1800,16875000.000,-95.67918996515832, , , , , 
1801,16884375.000,-92.56208086264373, , , , , 
1802,16893750.000,-13.74763456177422, , , , , 
1803,16903125.000,-0.4685548536563604, , , , , 
1804,16912500.000,-89.52917422897562, , , , , 
1805,16921875.000,-95.3013024308309, , , , , 
1806,16931250.000,-94.26444087072949, , , , , 
1807,16940625.000,-71.65982088259534, , , , , 
1808,16950000.000,-0.00019253209306927885, , , , , 
1809,16959375.000,-71.65982088259534, , , , , 
1810,16968750.000,-94.26444087072949, , , , , 
1811,16978125.000,-95.3013024308309, , , , , 
1812,16987500.000,-89.52917422897562, , , , , 
1813,16996875.000,-0.4685548536563604, , , , , 
1814,17006250.000,-13.74763456177422, , , , , 
1815,17015625.000,-92.56208086264373, , , , , 
1816,17025000.000,-95.67918996515832, , , , , 
1817,17034375.000,-92.56208086264373, , , , , 
1818,17043750.000,-13.74763456177422, , , , , 
1819,17053125.000,-0.4685548536563604, , , , , 
1820,17062500.000,-89.52917422897562, , , , , 
1821,17071875.000,-95.3013024308309, , , , , 
1822,17081250.000,-94.26444087072949, , , , , 
1823,17090625.000,-71.65982088259534, , , , , 
1824,17100000.000,-0.00019253209306927885, , , , , 
1825,17109375.000,-71.65982088259534, , , , , 
1826,17118750.000,-94.26444087072949, , , , , 
1827,17128125.000,-95.3013024308309, , , , , 
1828,17137500.000,-89.52917422897562, , , , , 
1829,17146875.000,-0.4685548536563604, , , , , 
1830,17156250.000,-13.74763456177422, , , , , 
1831,17165625.000,-92.56208086264373, , , , , 
1832,17175000.000,-95.67918996515832, , , , , 
1833,17184375.000,-92.56208086264373, , , , , 
1834,17193750.000,-13.74763456177422, , , , , 
1835,17203125.000,-0.4685548536563604, , , , , 
1836,17212500.000,-89.52917422897562, , , , , 
1837,17221875.000,-95.3013024308309, , , , , 
1838,17231250.000,-94.26444087072949, , , , , 
1839,17240625.000,-71.65982088259534, , , , , 
1840,17250000.000,-0.00019253209306927885, , , , , 
1841,17259375.000,-71.65982088259534, , , , , 
1842,17268750.000,-94.26444087072949, , , , , 
1843,17278125.000,-95.3013024308309, , , , , 
1844,17287500.000,-89.52917422897562, , , , , 
1845,17296875.000,-0.4685548536563604, , , , , 
1846,17306250.000,-13.74763456177422, , , , , 
1847,17315625.000,-92.56208086264373, , , , , 
1848,17325000.000,-95.67918996515832, , , , , 
1849,17334375.000,-92.56208086264373, , , , , 
1850,17343750.000,-13.74763456177422, , , , , 
1851,17353125.000,-0.4685548536563604, , , , , 
1852,17362500.000,-89.52917422897562, , , , , 
1853,17371875.000,-95.3013024308309, , , , , 
1854,17381250.000,-94.26444087072949, , , , , 
1855,17390625.000,-71.65982088259534, , , , , 
1856,17400000.000,-0.00019253209306927885, , , , , 
1857,17409375.000,-71.65982088259534, , , , , 
1858,17418750.000,-94.26444087072949, , , , , 
1859,17428125.000,-95.3013024308309, , , , , 
1860,17437500.000,-89.52917422897562, , , , , 
1861,17446875.000,-0.4685548536563604, , , , , 
1862,17456250.000,-13.74763456177422, , , , , 
1863,17465625.000,-92.56208086264373, , , , , 
1864,17475000.000,-95.67918996515832, , , , , 
1865,17484375.000,-92.56208086264373, , , , , 
1866,17493750.000,-13.74763456177422, , , , , 
1867,17503125.000,-0.4685548536563604, , , , , 
1868,17512500.000,-89.52917422897562, , , , , 
1869,17521875.000,-95.3013024308309, , , , , 
1870,17531250.000,-94.26444087072949, , , , , 
1871,17540625.000,-71.65982088259534, , , , , 
1872,17550000.000,-0.00019253209306927885, , , , , 
1873,17559375.000,-71.65982088259534, , , , , 
1874,17568750.000,-94.26444087072949, , , , , 
1875,17578125.000,-95.3013024308309, , , , , 
1876,17587500.000,-89.52917422897562, , , , , 
1877,17596875.000,-0.4685548536563604, , , , , 
1878,17606250.000,-13.74763456177422, , , , , 
1879,17615625.000,-92.56208086264373,61,1879,1880,1881,17625000.00
1880,17625000.000,-95.67918996515832, , , , , 
1881,17634375.000,-92.56208086264373, , , , , 
1882,17643750.000,-13.74763456177422, , , , , 
1883,17653125.000,-0.4685548536563604, , , , , 
1884,17662500.000,-89.52917422897562, , , , , 
1885,17671875.000,-95.3013024308309, , , , , 
1886,17681250.000,-94.26444087072949, , , , , 
1887,17690625.000,-71.65982088259534, , , , , 
1888,17700000.000,-0.00019253209306927885, , , , , 
1889,17709375.000,-71.65982088259534, , , , , 
1890,17718750.000,-94.26444087072949, , , , , 
1891,17728125.000,-95.3013024308309, , , , , 
1892,17737500.000,-89.52917422897562, , , , , 
1893,17746875.000,-0.4685548536563604, , , , , 
1894,17756250.000,-13.74763456177422, , , , , 
1895,17765625.000,-92.56208086264373, , , , , 
1896,17775000.000,-95.67918996515832, , , , , 
1897,17784375.000,-92.56208086264373, , , , , 
1898,17793750.000,-13.74763456177422, , , , , 
1899,17803125.000,-0.4685548536563604, , , , , 
1900,17812500.000,-89.52917422897562, , , , , 
1901,17821875.000,-95.3013024308309, , , , , 
1902,17831250.000,-94.26444087072949, , , , , 
1903,17840625.000,-71.65982088259534, , , , , 
1904,17850000.000,-0.00019253209306927885, , , , , 
1905,17859375.000,-71.65982088259534, , , , , 
1906,17868750.000,-94.26444087072949, , , , , 
1907,17878125.000,-95.3013024308309, , , , , 
1908,17887500.000,-89.52917422897562, , , , , 
1909,17896875.000,-0.4685548536563604, , , , , 
1910,17906250.000,-13.74763456177422, , , , , 
1911,17915625.000,-92.56208086264373, , , , , 
1912,17925000.000,-95.67918996515832, , , , , 
1913,17934375.000,-92.56208086264373, , , , , 
1914,17943750.000,-13.74763456177422, , , , , 
1915,17953125.000,-0.4685548536563604, , , , , 
1916,17962500.000,-89.52917422897562, , , , , 
1917,17971875.000,-95.3013024308309, , , , , 
1918,17981250.000,-94.26444087072949, , , , , 
1919,17990625.000,-71.65982088259534, , , , , 
1920,18000000.000,-0.00019253209306927885, , , , , 
1921,18009375.000,-71.65982088259534, , , , , 
1922,18018750.000,-94.26444087072949, , , , , 
1923,18028125.000,-95.3013024308309, , , , , 
1924,18037500.000,-89.52917422897562, , , , , 
1925,18046875.000,-0.4685548536563604, , , , , 
1926,18056250.000,-13.74763456177422, , , , , 
1927,18065625.000,-92.56208086264373, , , , , 
1928,18075000.000,-95.67918996515832, , , , , 
1929,18084375.000,-92.56208086264373, , , , , 
1930,18093750.000,-13.74763456177422, , , , , 
1931,18103125.000,-0.4685548536563604, , , , , 
1932,18112500.000,-89.52917422897562, , , , , 
1933,18121875.000,-95.3013024308309, , , , , 
1934,18131250.000,-94.26444087072949, , , , , 
1935,18140625.000,-71.65982088259534, , , , , 
1936,18150000.000,-0.00019253209306927885, , , , , 
1937,18159375.000,-71.65982088259534, , , , , 
1938,18168750.000,-94.26444087072949, , , , , 
1939,18178125.000,-95.3013024308309, , , , , 
1940,18187500.000,-89.52917422897562, , , , , 
1941,18196875.000,-0.4685548536563604, , , , , 
1942,18206250.000,-13.74763456177422, , , , , 
1943,18215625.000,-92.56208086264373, , , , , 
1944,18225000.000,-95.67918996515832, , , , , 
1945,18234375.000,-92.56208086264373, , , , , 
1946,18243750.000,-13.74763456177422, , , , , 
1947,18253125.000,-0.4685548536563604, , , , , 
1948,18262500.000,-89.52917422897562, , , , , 
1949,18271875.000,-95.3013024308309, , , , , 
1950,18281250.000,-94.26444087072949, , , , , 
1951,18290625.000,-71.65982088259534, , , , , 
1952,18300000.000,-0.00019253209306927885, , , , , 
1953,18309375.000,-71.65982088259534, , , , , 
1954,18318750.000,-94.26444087072949, , , , , 
1955,18328125.000,-95.3013024308309, , , , , 
1956,18337500.000,-89.52917422897562, , , , , 
1957,18346875.000,-0.4685548536563604, , , , , 
1958,18356250.000,-13.74763456177422, , , , , 
1959,18365625.000,-92.56208086264373, , , , , 
1960,18375000.000,-95.67918996515832, , , , , 
1961,18384375.000,-92.56208086264373,62,1961,1960,1959,18375000.00
1962,18393750.000,-13.74763456177422, , , , , 
1963,18403125.000,-0.4685548536563604, , , , , 
1964,18412500.000,-89.52917422897562, , , , , 
1965,18421875.000,-95.3013024308309, , , , , 
1966,18431250.000,-94.26444087072949, , , , , 
1967,18440625.000,-71.65982088259534, , , , , 
1968,18450000.000,-0.00019253209306927885, , , , , 
1969,18459375.000,-71.65982088259534, , , , , 
1970,18468750.000,-94.26444087072949, , , , , 
1971,18478125.000,-95.3013024308309, , , , , 
1972,18487500.000,-89.52917422897562, , , , , 
1973,18496875.000,-0.4685548536563604, , , , , 
1974,18506250.000,-13.74763456177422, , , , , 
1975,18515625.000,-92.56208086264373, , , , , 
1976,18525000.000,-95.67918996515832, , , , , 
1977,18534375.000,-92.56208086264373, , , , , 
1978,18543750.000,-13.74763456177422, , , , , 
1979,18553125.000,-0.4685548536563604, , , , , 
1980,18562500.000,-89.52917422897562, , , , , 
1981,18571875.000,-95.3013024308309, , , , , 
1982,18581250.000,-94.26444087072949, , , , , 
1983,18590625.000,-71.65982088259534, , , , , 
1984,18600000.000,-0.00019253209306927885, , , , , 
1985,18609375.000,-71.65982088259534, , , , , 
1986,18618750.000,-94.26444087072949, , , , , 
1987,18628125.000,-95.3013024308309, , , , , 
1988,18637500.000,-89.52917422897562, , , , , 
1989,18646875.000,-0.4685548536563604, , , , , 
1990,18656250.000,-13.74763456177422, , , , , 
1991,18665625.000,-92.56208086264373, , , , , 
1992,18675000.000,-95.67918996515832, , , , , 
1993,18684375.000,-92.56208086264373, , , , , 
1994,18693750.000,-13.74763456177422, , , , , 
1995,18703125.000,-0.4685548536563604, , , , , 
1996,18712500.000,-89.52917422897562, , , , , 
1997,18721875.000,-95.3013024308309, , , , , 
1998,18731250.000,-94.26444087072949, , , , , 
1999,18740625.000,-71.65982088259534, , , , , 
2000,18750000.000,-0.00019253209306927885, , , , , 
2001,18759375.000,-71.65982088259534, , , , , 
2002,18768750.000,-94.26444087072949, , , , , 
2003,18778125.000,-95.3013024308309, , , , , 
2004,18787500.000,-89.52917422897562, , , , , 
2005,18796875.000,-0.4685548536563604, , , , , 
2006,18806250.000,-13.74763456177422, , , , , 
2007,18815625.000,-92.56208086264373, , , , , 
2008,18825000.000,-95.67918996515832, , , , , 
2009,18834375.000,-92.56208086264373, , , , , 
2010,18843750.000,-13.74763456177422, , , , , 
2011,18853125.000,-0.4685548536563604, , , , , 
2012,18862500.000,-89.52917422897562, , , , , 
2013,18871875.000,-95.3013024308309, , , , , 
2014,18881250.000,-94.26444087072949, , , , , 
2015,18890625.000,-71.65982088259534, , , , , 
2016,18900000.000,-0.00019253209306927885, , , , , 
2017,18909375.000,-71.65982088259534, , , , , 
2018,18918750.000,-94.26444087072949, , , , , 
2019,18928125.000,-95.3013024308309, , , , , 
2020,18937500.000,-89.52917422897562, , , , , 
2021,18946875.000,-0.4685548536563604, , , , , 
2022,18956250.000,-13.74763456177422, , , , , 
2023,18965625.000,-92.56208086264373, , , , , 
2024,18975000.000,-95.67918996515832, , , , , 
2025,18984375.000,-92.56208086264373, , , , , 
2026,18993750.000,-13.74763456177422, , , , , 
2027,19003125.000,-0.4685548536563604, , , , , 
2028,19012500.000,-89.52917422897562, , , , , 
2029,19021875.000,-95.3013024308309, , , , , 
2030,19031250.000,-94.26444087072949, , , , , 
2031,19040625.000,-71.65982088259534, , , , , 
2032,19050000.000,-0.00019253209306927885, , , , , 
2033,19059375.000,-71.65982088259534, , , , , 
2034,19068750.000,-94.26444087072949, , , , , 
2035,19078125.000,-95.3013024308309, , , , , 
2036,19087500.000,-89.52917422897562, , , , , 
2037,19096875.000,-0.4685548536563604, , , , , 
2038,19106250.000,-13.74763456177422, , , , , 
2039,19115625.000,-92.56208086264373, , , , , 
2040,19125000.000,-95.67918996515832, , , , , 
2041,19134375.000,-92.56208086264373, , , , , 
2042,19143750.000,-13.74763456177422, , , , , 
2043,19153125.000,-0.4685548536563604, , , , , 
2044,19162500.000,-89.52917422897562, , , , , 
2045,19171875.000,-95.3013024308309, , , , , 
2046,19181250.000,-94.26444087072949,63,2046,2045,2044,19171875.00
2047,19190625.000,-71.65982088259534, , , , , 
2048,19200000.000,-0.00019253209306927885, , , , , 